,Číslo záznamu,Finské id,Typ záznamu,Je součást čeho (číslo záznamu),"typ díla (celé dílo, úryvek, antologie, souborné dílo)",Vztah k originálu (překlad vs. adaptace),Druh adaptace (slovem),Autor/ka + kód autority,Název díla dle titulu v latince,Údaje o odpovědnosti a další informace (z titulní strany),Původní název,Jazyk díla,Výchozí jazyk ,Zprostředkovací jazyk,Údaje o zprostředkovacím díle,"Město vydání, země vydání, nakladatel","Edice, svazek",Údaje o časopiseckém vydání,Počet stran,Rok,ISBN,Další role,Volná poznámka,technická poznámka
13,14,003314654,kniha,,celé dílo ,překlad,,"Bořkovcová, Hanna (jk01012732)",Me kolme pöhköä,[Autorka:] Hanna Knapp ; Suomentanut Kirsti Siraste,My tři cvoci,fin,cze,,,Porvoo (Finsko) : WSOY:n graafiset laitokset,Nuorten toivekirjasto ; 245,,169.0,1977.0,951-0-08348-8,Kirsti Siraste (trl) § Hana Bořkovcová (ill) ,,
14,15,000047224,kniha,,celé dílo ,překlad,,"Černohorská, Milena (jk01021444)",Leoš Janáček,,Leoš Janáček,fin,cze, ger ; eng,,Hämeenlinna (Finsko) : Arvi A. Karisto Oy,,,99.0,1984.0,951-99522-1-7,Riitta Laaksonen (trl) §  Erkki Pullinen (trl) §  Jarmo Sermilä (trl) §  Tarja Svärd-Ylilehto (trl) § Inari Teinilä (trl),vytvořeno  skupinou Janáček-Seuran työryhmä ,
15,16,000451914,kniha,,celé dílo ,překlad,,"Macura, Vladimír (jk01072821)",Kansalainen Monte Christo,,Občan Monte Christo,fin,cze,,,Helsinki (Finsko) : Taifuuni,,,228.0,1995.0,951-581-042-6,Eero Balk (trl),,
16,17,000514403,kniha,,celé dílo ,překlad,,"Kohout, Pavel (jk01061137)",Hirttäjätär : Banaali romaani,,Katyně,fin,cze,,,Helsinki (Finsko) : Kirjayhtymä,,,333.0,1978.0,951-26-1486-3,Kirsti Siraste (trl) ,,
17,18,000407533,kniha,,celé dílo ,překlad,,"Pinková, Alice (jx20040212023)",Linnunradan keittokirja,,Receptář ve znamení zvěrokruhu anebo sezónní kuchařka pro pokročilé,fin,cze,,,Pieksämäki (Finsko) : Taifuuni,,,457.0,1992.0,951-581-004-3,"Eero Balk (trl, aui) ",,
18,19,004343308,kniha,,celé dílo ,překlad,,"Seifert, Jaroslav (jk01110657)",Ruttopylväs,,Morový sloup,fin,cze,,,Porvoo (Finsko) : WSOY:n graafiset laitokset,,,96.0,1985.0,951-0-13077-X,"Hannu Ylilehto (trl, cwt)",,
19,20,003332471,kniha,,celé dílo ,překlad,,"Seifert, Jaroslav (jk01110657)",Laulu omenapuusta,,"Koulelo se, koulelo",fin,cze,,,Helsinki (Finsko) : Lasten Keskus Oy,,,29.0,1985.0,951-626-553-7,Mervi Vyyryläinen-Väänänen § Josef Paleček (ill),,
20,21,00330262,kniha,,celé dílo ,překlad,,"Baránková, Vlasta (jn19981000214)",Ystävyyden laiva,,O ztraceném koťátku,fin,cze,,,Helsinki (Finsko) : Lasten Keskus Oy,,,,1992.0,951-626-986-9,Pirjo Rintakoski (trl) § Vlasta Baránková (ill),,nemá číslované strany
21,22,000520700,kniha,,celé dílo ,překlad,,"Petiška, Eduard (jk01092720)",Kreikkalaisia satuja,,Staré řecké báje a pověsti,fin,cze,ger,Alte griechische Sagen,Helsinki (Finsko) : Weilin+Göös,,,189.0,1973.0,951-35-0904-4,Aarno Peromies (trl) § Zdeněk Sklenář (ill),,
22,23,000522443,kniha,,celé dílo ,překlad,,"Zábranský, Adolf (jk01151856)",Kultainen portti," kansanlauluja, sananlaskuja ja arvoituksia tsekkiläisestä kansanrunoudesta vallinut ja kuvittanut Adolf Zábranský suomeksi sovittanut Eeva-Liisa Manner",Zlatá brána otevřená,fin,cze,,,Helsinki (Finsko) : Kustannusosakeyhtiö Otava,,,,1968.0,,Eeva-Liisa Manner (trl) § Adolf Zábranský (ill),,nemá číslované strany
23,24,000665594,kniha,,celé dílo ,překlad,,"Frýzek, Václav (mzk2014833537)",Jääkiekkoilu kuvina,,Zrcadlo hokeje,fin,cze,ger,Eishockey im Bild,Helsinki (Finsko): Kustannusosakeyhtiö Tammi,,,139.0,1968.0,s.X.III.397,Matti Hossa (trl) § Matti Pirhonen (trl) § Pentti Pirhonen (trl) § Josef Jíra (ill) § Václav Frýzek (ill) § Libuše Frýzková (edt ilustrací) ,,
24,25,004002342,kniha,,celé dílo ,překlad,,"Kohout, Pavel (jk01061137)",Tšekkiläinen päiväkirja,,Z deníku kontrarevolucionáře,fin,cze,ger,Aus dem Tagebuch eines Konterrevolutionärs,Helsinki (Finsko): Yhteiskirjapaino,,,280.0,1969.0,s.J.II.3943,Keijo Kylävaara (trl) § Pravoslav Sovák (pht),,
25,26,004398019,kniha,,celé dílo ,překlad,,,Asiatietoja Tšekkoslovakiasta,,,fin,cze,,,Praha (Československo): Orbis,,,132.0,1961.0,D-05*01344,Lieko Zachovalová (trl) § Milan Hegar (ill),,není uveden původní autor
26,27,001508776,kniha,,celé dílo ,překlad,,"Augusta, Josef (jk01010421)",Muinaisajan eläimiä,,Hlubinami pravěku,fin,cze,ger,,Helsinki (Finsko) : Kustannusosakeyhtiö Tammi,,,49.0,1960.0,s.S.IV.42,Paavo Voipio (trl) § Zdeněk Burian (ill),,není uveden název německého překladu
27,28,000782293,kniha,,celé dílo ,překlad,,"Fučík, Julius (jk01032106)",Hirsipuun varjossa,,Reportáž psaná na oprátce,fin,cze,,,Helsinki (Finsko): Kirjapaino Tapo Oy,,,107.0,1948.0,s.J.II.2535,Matti Lehmonen (trl),,
28,29,000417592,kniha,,celé dílo ,překlad,,"Fuks, Ladislav (jk01032159)",Herra Theodor Mundstock,,Pan Theodor Mundstock,fin,cze,,,Helsinki (Finsko) : Kustannusosakeyhtiö Tammi,Keltainen kirjasto ; 101,,234.0,1970.0,,Kirsti Siraste (trl),,
29,30,000514354,kniha,,celé dílo ,překlad,,"Kohout, Pavel (jk01061137)",Valkoinen kirja,"asiassa Adam Juráček, liikuntakasvatuksen ja piirustuksen lehtori, K:n pedagoginen oppilas vastaan Sir Isaac Newton, fysiikan professori, Cambridgen ylioposto laatinut aikakirja-aineston perusteella ja tädentänyt kiintoisilla dokumenteilla PAVEL KOHOUT","Bílá kniha o kauze Adam Juráček
",fin,cze,ger,Weissbuch,Helsinki (Finsko) : Kirjayhtymä,,,218.0,1970.0,s.Hce.II.5235,Keijo Kylävaara (trl) ,,
30,31,003229505,kniha,,celé dílo ,překlad,,"Holan, Emil (jk01041649)",Sähkökipinä joka valloitti maailman,nuorisille kertonut Emil Holan,"Jiskra, která dobyla šveta",fin,cze,,,Porvoo (Finsko): Werner Söderström Osakeyhtiö,,,139.0,1944.0,s.P.II.1502,,,není uveden překladatel
31,32,003339546,kniha,,celé dílo ,překlad,,"Janeček, Ota (jk01050921)",Lasten paratiisi,,František Halas: Dětem,fin,cze,ger,Kinderparadies,(Finsko): Werner Söderström Osakeyhtiö,,,68.0,1968.0,s.H.III.1713,Aale Tyyni (trl) § Ota Janeček (ill),,
32,33,000664062,kniha,,celé dílo ,překlad,,"Bendová, Krista (xx0003631)","Perhonen, hassu varpunen","kuvittanut Mirko Hanák, suomeksi riimitellyt Eeva-Liisa Manner",Čačky hračky,fin,cze,,,Helsinki (Finsko) : Kustannusosakeyhtiö Otava,,,,1967.0,s.Hce.III.274,Eeva-Liisa Manner (trl) §  Mirko Hanák (ill),,nemá číslované strany
33,34,003280061,kniha,,celé dílo ,překlad,,"Čarek, Jan (jk01021064)",Iloinen riimikirja,"kuvittanut Adolf Zábranský, säkeet kirjoittanut Jan Čarek, suomeksi riimittänyt Eeva-Liisa Manner",,fin,cze,ger,Kinderfreuden,Helsinki (Finsko) : Kustannusosakeyhtiö Otava,,,,1963.0,s.Hce.III.113,Eeva-Liisa Manner (trl) § Jan Čarek § Adolf Zábranský (ill),,nemá číslované strany
34,35,003283214,kniha,,celé dílo ,překlad,,"Šťovíčková, Dana (jk01131512) § Šťovíčková, Milada (jk01131513)",Kiinalaissatuja,kiinalaisten lähteiden mukaan kertoneet Dana ja Milada Šťovíčková,Čínské lidové pohádky,fin,cze,ger,Chinesische Volksmärchen,Helsinki (Finsko) : Weilin+Göös,,,199.0,1971.0,s.Hce.III.666,Eila Kivikkaho (trl) § Aarno Peromies (trl) § Aleč Krejča (ill) § Eva Bednářová (ill),,
36,37,003321702,kniha,,celé dílo ,překlad,,"Procházka, Jan (jk01101145)",Tyttö ja hevonen,,Divoké prázdniny,fin,cze,,,Helsinki (Finsko) : Kustannusosakeyhtiö Tammi,Tam Tam kirjat ; 32,,130.0,1972.0,951-30-2269-2,Kirsti Siraste (trl),,
37,38,003093714,kniha,,celé dílo ,překlad,,"Otčenášek, Jan (jk01091352)","Romeo, Julia ja pimeys",Romaani,"Romeo, Julie a tma",fin,cze,eng,,Helsinki (Finsko) : Kustannusosakeyhtiö Otava,Delfiinikirjat,,160.0,1981.0,951-1-06133-X,Kyllikki Clément (trl),,není uveden název anglického překladu
38,39,003310787,kniha,,celé dílo ,překlad,,"Hofman, Ota (jk01041559)",Pako,,Útěk,fin,cze,,,Helsinki (Finsko) : Kustannusosakeyhtiö Tammi,Tam Tam kirjat ; 8,,95.0,1970.0,s.Hce.I.+1497,Kirsti Siraste (trl),,
39,40,003289992,kniha,,celé dílo ,překlad,,"Turek, Svatopluk (jk01121858)",Liukuhihna ei odota,,Botostroj,fin,cze,,,Helsinki (Finsko): Kustannusosakeyhtiö Yhteistö,,,284.0,1956.0,s.Hce.II.2540,Annikki Maruna (trl),,
40,41,003289992,kniha,,celé dílo ,překlad,,"Pecka, Karel (jk01092241)",Pelon tiheikkö,,Horečka,fin,cze,ger,Dickicht der Angst,Jyväskylä (Finsko): K. J. Gummerus Osakeyhtiö,,,307.0,1971.0,s.Hce.II.5333,Markku Mannila (trl),,
41,42,011517160,kniha,,celé dílo ,překlad,,"Němcová, Božena (jk01083016)",Isoäiti,,Babička,fin,cze,,,Lahti (Finsko): Kustannus Oy Kirjamaailma,,,351.0,1966.0,s.Hce.II.4466,Anna-Liisa Laine (trl),,
42,43,003091957,kniha,,celé dílo ,překlad,,"Němcová, Božena (jk01083016)",Isoäiti,Kuvia maalaiselämästä,Babička,fin,cze,,,(Finsko): Kirjapiiri,,,332.0,1978.0,s.Hce.II.7493,Anna-Liisa Laine (trl),překlad byl zřejmě od toho staršího upraven,
43,44,002789122,kniha,,celé dílo ,překlad,,"Němcová, Božena (jk01083016)",Isoäiti,Kuvia maalaiselämästä,Babička,fin,cze,,,Porvoo (Finsko): Werner Söderström Osakeyhtiö,,,332.0,1979.0,951-0-08741-6,Anna-Liisa Laine (trl) § Mikko Kilpi (trl) § Marta Hellmuthóva (trl),"Překlad zřejmě stejný jako z předchozího roku, jen Mikko Kilpi přeložil básně a Marta Hellmuthóva opravila české názvy",
44,45,000518928,kniha,,celé dílo ,překlad,,"Kozák, Jan (jk01062556)",Taigan metsästäjät,,Lovcem v tajze,fin,cze,,,Helsinki (Finsko) : Kirjayhtymä,,,276.0,1979.0,951-26-1705-6,Kirsti Siraste (trl) § Leo Bessonoff (trl),,
45,46,003290896,kniha,,celé dílo ,překlad,,"Procházka, Jan (jk01101145)",Eläköön tasavalta,"(Minä, Julina ja suuren sodan loppu)",Ať žije republika (Já a Julina a konec velké války),fin,cze,,,Jyväskylä (Finsko): K. J. Gummerus Osakeyhtiö,,,243.0,1973.0,951-20-0261-2,Kirsti Siraste (trl),,
46,47,000203436,kniha,,celé dílo ,překlad,,"Rudolf, Stanislav (jk01103025)",Uhmamielinen syksy,,Nežne háckovany cas,fin,cze,,,Helsinki (Finsko): Suuri Nuorten Kirjakerho,,,176.0,1979.0,951-643-364-2,Kirsti Siraste (trl),,
47,48,000203432,kniha,,celé dílo ,překlad,,"Rudolf, Stanislav (jk01103025)",Tonnikala,,Metrácek aneb nemožně tlustá holka,fin,cze,,,Helsinki (Finsko) : Kustannusosakeyhtiö Tammi,Tam Tam kirjat ; 83,,164.0,1979.0,951-30-5000-9,Kirsti Siraste (trl),,
48,49,003328397,kniha,,celé dílo ,překlad,,"Rudolf, Stanislav (jk01103025)",Minustako urheilija?!,,Metrácek aneb nemožně tlustá holka,fin,cze,,,Helsinki (Finsko): Suuri Nuorten Kirjakerho,,,164.0,1980.0,951-643-373-1,Kirsti Siraste (trl),prakticky totožné s předchozím vydáním,
49,50,000820616,kniha,,celé dílo ,překlad,,"Faltus, Jiří (jk01030732)",Lehmä ja sen vstävät,,Kráva a její kamarádi,fin,cze,,,Helsinki (Finsko) : Kustannusosakeyhtiö Otava,,,,1972.0,s.Xe.I.2313,"Jukka H. Puntari (trl) § Lukeš, Rudolf (ill)",,nemá číslované strany
50,51,003323111,kniha,,celé dílo ,překlad,,"Černík, Michal (jk01021422)",Leijona ja sen ystävät,,Lev a jeho kamarádi,fin,cze,,,Helsinki (Finsko) : Kustannusosakeyhtiö Otava,,,,1972.0,s. Xe.I.2315,"Jukka H. Puntari § Lukeš, Rudolf (ill)",,nemá číslované strany
51,52,003323112,kniha,,celé dílo ,překlad,,"Faltus, Jiří (jk01030732)",Norsu ja sen ystävät,,Slon a jeho kamarádi,fin,cze,,,Helsinki (Finsko) : Kustannusosakeyhtiö Otava,,,,1972.0,s.Xe.I.2316,"Jukka H. Puntari (trl) § Lukeš, Rudolf (ill)",,nemá číslované strany
52,53,003323109,kniha,,celé dílo ,překlad,,"Černík, Michal (jk01021422)",Kilpikonna ja sen ystävät,,Želva a její kamarádi,fin,cze,,,Helsinki (Finsko) : Kustannusosakeyhtiö Otava,,,,1972.0,s.Xe.I.2314,"Jukka H. Puntari (trl) § Lukeš, Rudolf (ill)",,nemá číslované strany
53,54,003330595,kniha,,celé dílo ,překlad,,"Kubašta, Vojtěch (jk01070261)",Jaakko ja herneenvarsi,,Jakub a kouzelné fazole,fin,cze,,,Helsinki (Finsko) : Kustannusosakeyhtiö Tammi,,,,1979.0,951-30-4801-2,Saima-Liisa Laatunen (trl) § Vojtěch Kubašta (ill),,nemá číslované strany
54,55,000646537,kniha,,celé dílo ,překlad,,"Koch, Jaroslav (jk01061166)",Onnellinen lapsi,Vauvakäisen kotikasvatus,Výchova kojence v rodině,fin,cze,eng,Infant Rearing in the Family,Helsinki (Finsko): Uusi kirjakerho,,,295.0,1979.0,951-54-0178-X,Kati Appelqvist (trl) § František Sodoma (ill),,
55,56,001661320,kniha,,celé dílo ,překlad,,"Voříšková, Marie (jk01150732)",Mustalaissatuja,,Cikánské pohádky,fin,cze,ger,Singende Gegen - Zigeunermärchen,Helsinki (Finsko) : Weilin+Göös,,,198.0,1966.0,1-01-09-58,Eila Kivikkaho (trl) § Míla Doležalová (ill),,
56,57,003199274,kniha,,celé dílo ,překlad,,"Reis, Vladimír (jk01102238)",Satuja Etelämeren saarilta,,Povídky z Tichomoří,fin,cze,ger,Märchen aus der Südsee,Helsinki (Finsko) : Weilin+Göös,,,199.0,1980.0,951-35-2227-X,Liisa Ryömä (trl) § Karel Teissig (ill),,
57,58,003326622,kniha,,celé dílo ,překlad,,"Reis, Vladimír (jk01102238)",Kiehtova satumaalima,,Pohádky z obrázků,fin,cze,ger,,Östersundom/Itäsalmi (Finsko): Oy Kirjalito AB,,,206.0,1987.0,951-28-1682-2,Matti Hassinen (trl) § Laila Niukkanen (trl) § Aleš Krejča (ill),neuveden název německého překladu,
58,59,004673559,kniha,,celé dílo ,překlad,,"Hulpach, Vladimír (jn20001103804)",Intiaanisatuja,,Indiánské pohádky,fin,cze,,,Helsinki (Finsko) : Weilin+Göös,,,237.0,1979.0,S 2161/s.Hce.III.272,Marjatta Kurenniemi (trl) § Miloslav Troup (ill) § Oldřich Hlavsa (ill),,
59,60,003272169,kniha,,celé dílo ,překlad,,"Hanuš, Pavel (jk01033496)",Viemäriballadi,,Ballada z podzemí,fin,cze,,,,,,36.0,1984.0,s.(ö) Hce.208/1000055324,Kirsti Siraste (trl),scénář rozhlasové hry,
60,61,003270967,kniha,,celé dílo ,překlad,,"Daněk, Jiří (xx0203350)","Pysäytä, Herra, armossasi salama","Kuunnelma Prokop Divischistä, 1700-luvulla eläneestä ensimmäinen sääkoneen keksijästä",Zadrž blesk na cestě jeho...,fin,cze,,,,,,39.0,1988.0,s.(ö).Hce.Dan/100 002 5713,Kari Senius (trl),scénář rozhlasové hry,
61,62,000630950,kniha,,celé dílo ,překlad,,"Landovský, Pavel (jk01071483)",Mutka,Kuunnelma ,Objížďka,fin,cze,,,,,,57.0,1988.0,s.Hce.III.1442,Kirsti Siraste (trl),scénář rozhlasové hry,
62,63,007343840,kniha,,celé dílo ,překlad,,"Kubašta, Vojtěch (jk01070261)",Lumikki,,O Sněhurce,fin,cze,,,Helsinki (Finsko) : Kustannusosakeyhtiö Tammi,,,,1979.0,951-30-4803-9,Saima-Liisa Laatunen (trl),,nemá číslované strany
63,64,000639481,kniha,,celé dílo,překlad,,"Kubašta, Vojtěch (jk01070261)",Urhoollinen tinasotilas,,Statečný cínový vojáček,fin,cze,,,Helsinki (Finsko): Kustannusosakeyhtiö Tammi,,,,1979.0,951-30-4804-7,Saima-Liisa Laatunen (trl),,nemá číslované strany
64,65,005516150,kniha,,celé dílo,překlad,,"Kubašta, Vojtěch (jk01070261)",Saapasjalkakissa,,Kocour v botách,fin,cze,,,Helsinki (Finsko): Kustannusosakeyhtiö Tammi,,,,1979.0,951-30-4802-0,Saima-Liisa Laatunen (trl),,nemá číslované strany
65,66,003304347,kniha,,celé dílo,překlad,,"Čtvrtek, Václav (jk01021929)",Rosvo Rudolf,,Rumcajs,fin,cze,,,Helsinki (Finsko): Myrskylintu Oy,,,36.0,1980.0,951-839-006-1,Jana Kuronen (trl) § Tauno Yliruusi (trl) § Radek Pilař (ill),,
66,67,003304349,kniha,,celé dílo,překlad,,"Čtvrtek, Václav (jk01021929)",Rosvo Rudolf,,Rumcajs,fin,cze,,,Helsinki (Finsko): Myrskylintu Oy,,,67.0,1981.0,951-839-007-X,Jana Kuronen (trl) § Tauno Yliruusi (trl) § Radek Pilař (ill),,
67,68,003304350,kniha,,celé dílo,překlad,,"Čtvrtek, Václav (jk01021929)",Rosvo Rudolf,,Rumcajs,fin,cze,,,Helsinki (Finsko): Myrskylintu Oy,,,95.0,1982.0,951-839-008-8,Jana Kuronen (trl) § Tauno Yliruusi (trl) § Radek Pilař (ill),,
68,69,003330590,kniha,,celé dílo ,překlad,,,"Pitkäkoipi, Jumbo ja Haukansilmä",Tšekkiläinen  kansansatu,"Dlouhý, Široký a Bystrozraký",fin,cze,,,"Helsinki (Finsko): Mestarikustannus Oy, Kirjakerho Lasten Kirjapaketti",,,,1982.0,951-9189-42-6,Meri Starck (trl) § Petra Schweiss (ill),neuveden původní autor,nemá číslované strany
69,70,003303381,kniha,,celé dílo ,překlad,,"Čapek, Jindra (jn19981002508)",Lapsi on syntynyt...,Vanha joululegendan mukaan kertonut ja kuvittanut Jindra Čapek,Děťátko se narodilo...,fin,cze,ger,Ein Kind ist geboren...,Helsinki (Finsko): Lasten Keskus Oy,,,,1985.0,951-626-532-4,Johanna Luumi (trl),,nemá číslované strany
70,71,003312102,kniha,,celé dílo,překlad,,"Jágr, Miloslav (jk01050623)",Kahdeksas kääpiö,,Osmý trpaslík pana Háby,fin,cze,,,Vantaa ? (Finsko): Literos Oy ,,,,1986.0,951-99726-1-7,Aila Apell (trl),,
71,72,000454334,kniha,,souborné dílo,překlad,,"Nenadál, Jaroslav (jk01083165)",Ruusunpunainen kavaljeeri,ja muita novelleja,originál neexistuje,fin,cze,,,Helsinki (Finsko): Oy Orient express,,,199.0,1991.0,951-615-779-3,Eero Balk (trl),,
72,73,,část knihy,72,,překlad,,,Ruusunpunainen kavaljeeri,,Růžový kavalír,,,,,,,,,,,,,
73,74,,část knihy,72,celé dílo,překlad,,,"Kun tiedät, tätikulta, pannaan hautaan...",,"Až, vás, tetičko, budou dávat do hrobu...",,,,,,,,,,,,,
74,75,,část knihy,72,celé dílo,překlad,,,Välikohtaus huvilalla,,Křivoklátské intermezzo,,,,,,,,,,,,,
75,76,,část knihy,72,celé dílo,překlad,,,Lehti-ilmoitus,,Inzerát,,,,,,,,,,,,,
76,77,,část knihy,72,celé dílo,překlad,,,Hic sunt Leones (se pyörii sittenkin),,Hic sunt Leones (a přece se točí),,,,,,,,,,,,,
77,78,003095588,kniha,,celé dílo,překlad,,"Kohout, Pavel (jk01061137)",Kysytään Klaaralta,Jelena Mašinován käsikirjoitukseen pohjaava romaani ,Nápady svaté Kláry,fin,cze,,,Helsinki (Finsko): Kirjayhtymä,,,255.0,1982.0,951-26-2194-0,Kirsti Siraste (trl),,
78,79,000914358,kniha,,celé dílo,překlad,,"Neruda, Jan (jk01083209)",Prahalaistarinoita,,Povídky malostranské,fin,cze,,,Helsinki (Finsko): Taifuuni,,,360.0,2000.0,951-581-074-4,Eero Balk (trl),,Za podpory ministerstva kultury ČR
79,80,004694516,kniha,,celé dílo,překlad,,"Langer, Jiří (jk01071526)",Yhdeksän porttia,Hasidien salaisuudet,Devět bran,fin,cze,,,Helsinki (Finsko): Basam Books,,,301.0,2003.0,952-9842-82-1,Eero Balk (trl),,Za podpory ministerstva kultury ČR
80,81,003094212,kniha,,celé dílo,překlad,," Škvorecký, Josef (jk01130413)",Ihmismielten insinööri,"Lukemista vanhoista kunnon aihesta: elämästä, naisista, kohtalosta, unelmista, työväenluokasta, salaisista agenteista, rakkaudesta ja kuolemasta",Příběh inženýra lidských duší,fin,cze,eng,The Engineer of Human Souls,Helsinki (Finsko): Kustannutosakeyhtiö Otava,Otavan kirjasto ; 64,,671.0,1988.0,951-1-08620-0,Leevi Lehto (trl),,
81,82,000359508,kniha,,celé dílo,překlad,,"Viewegh, Michal (jn19990010021)",Kotiopettajan romaani,,Výchova dívek v Čechách,fin,cze,,,Helsinki (Finsko): Like,,,237.0,2004.0,952-471-263-6,Nina Saikkonen (trl) § Eeva-Liisa Manner (trl),,
82,83,000415088,kniha,,celé dílo,překlad,,"Berková, Alexandra (jk01011850)",Magoria,Tarina suuresta rakkaudesta,Magorie aneb příběh velké lásky,fin,cze,,,Helsinki (Finsko): Taifuuni,,,120.0,1994.0,951-581-021-3,"Eero Balk (trl, aft) ",,
83,84,000495331,kniha,,celé dílo,překlad,,"Berková, Alexandra (jk01011850)",Uskollisen reppanan kärsimykset,,Utrpení oddaného Všiváka,fin,cze,,,Helsinki (Finsko): Taifuuni,,,92.0,1997.0,951-581-050-7,Eero Balk (trl),,
84,85,000246997,kniha,,celé dílo,překlad,,"Weil, Jiří (jk01151482)",Tähti sydämellä,,Život s hvězdou,fin,cze,,,Helsinki (Finsko): Basam Books,,,236.0,2002.0,952-9842-52-X,Eero Balk (trl),,Za podpory ministerstva kultury ČR
85,86,003317824,kniha,,celé dílo,překlad,,"Lukešová, Milena (jk01072640)",Jussi ja kalat,,Jozifek a ryby,fin,cze,,,Vantaa ? (Finsko): Literos Oy,,,,1989.0,s.Xe.III.1941,Aila Apell (trl) § Jan Kudláček (illl),,nemá číslované strany
86,87,000908289,kniha,,celé dílo,překlad,,"Roller, Zdeněk (jn20001005498)",Kotieläimiä,,Domácí zvířátka,fin,cze,eng,Domestic Animals,Helsinki (Finsko): Kirjalito AB,,,46.0,1999.0,951-28-3264-X,Ismo Nuuja (trl) § Katri Nuuja (trl)§ Eduard Studnička (pht) § Pavla Jiráková (pht) § Jaromír Knotek (ill) § Libuše Knotková (ill),,
87,88,003241980,kniha,,celé dílo,překlad,,"Baránková, Vlasta (jn19981000214)",Siipiniekat,,Kouzelná cesta domů?,fin,cze,ger,,Helsinki (Finsko): Lasten Keskus Oy,,,,,951-626-870-6,Tuula Korolainen (trl) ,není uveden název německého překladu,nemá číslované strany
88,89,004007965,kniha,,celé dílo,překlad,,"Kulka, Tomáš (jn20010310175)",Taide ja kitsch,,Umení a kýč,fin,cze,,,Helsinki (Finsko): Taifuuni,,,119.0,1997.0,951-581-056-6,Eero Balk (trl),,
89,90,004762636,kniha,,celé dílo ,překlad,,"Kriseová, Eda (jk01063340)",Václav Havel - Kirjailija ja presidentti,,Václav Havel - Životopis,fin,cze,,,Helsinki (Finsko): Kirjayhtymä,,,393.0,1993.0,951-26-3664-6,"Eero Balk (trl, cwt)",,
90,91,000687584,kniha,,celé dílo,překlad,,"Havel, Václav (jk01040240)",Asioista kuultuna,,Dálkový výslech/Rozhovor s Karlem Hvížďalou,fin,cze,,,Helsinki (Finsko): Kirjayhtymä,,,202.0,1990.0,951-26-3484-4,"Kirsti Siraste (trl, cwt)","z rukopisu, zkráceno",
91,92,004774216,kniha,,celé dílo,překlad,,"Čihař, Jiří (jk01021822)",Jokamiehen kalakirja,Makean vedet kalat,Ryby sladkých vod,fin,cze,,,Helsinki (Finsko): Oy Kolibri,,,184.0,1993.0,951-576-148-4,Ismo Nuuja (trl) § Risto Palokangas (trl) § Lauri Koli (trl) § Erkki Lahti (trl) § Libuše Knotková (ill) § Jaromír Knotek (ill),,
92,93,000178287,kniha,,celé dílo,překlad,,"Ďuďa, Rudolf (jo2002104683)",Jalokivien maailma,Jalo- ja korukivet ja niiden ominaisuudet,Svět drahých kamenů,fin,cze,ger,Der Kosmos Edelsteinführer,Helsinki (Finsko): Werner Söderström Osakeyhtiö,,,191.0,1998.0,951-0-22706-4,Kalle Taipale (trl) § Luboš Reil,,
93,94,000908078,kniha,,celé dílo,překlad,,"Roller, Zdeněk (jn20001005498)",Metsien eläimiä,,Zvířátka v lese,fin,cze,eng,Animals in the Forest,Helsinki (Finsko): Kirjalito AB,,,46.0,1999.0,951-28-3265-8,Ismo Nuuja (trl) § Eduard Studnička (pht) § Jiří Motyčka (pht) § Jaromír Knotek (ill) § Přemysl Pavlík (pht),,
94,95,000270632,kniha,,celé dílo,originál neexistuje,,"Kolář, Jiří (jk01061244)",Jiří Kolář 1914-2002,,Jiří Kolář 1914-2002,fin,cze,,,Helsinki (Finsko): Amos Andersonin taidemuseon julkaisija,Amos Andersonin taidemuseon julkaisuja uusi sarja ; 46,,160.0,2003.0,952-9531-49-4,Kai Kartio § Meda Mládková § Petr Řehoř § Jiří Machalický § Juhani Pallasmaa (autoři textů) § Camilla Ahlström-Taavitsainen (trl) § Eero Balk (trl) § Bo Carpelan (trl) § Barbara Cederqvist (trl) § Adrian Dean (trl) § Silja Kudel (trl) § Susanne Lehtinen (trl) § Liisa Kasvio (edt) § Hannele Grönlund (ill) § Ondřej Polák (pht) § Matti Huuhka (pht),,dvojjazyčné vydání - ve finštině i švédštině
95,96,000937752,kniha,,celé dílo,překlad,,"Felix, Jiří (jk01030870)",Maailman eläimiä,,Atlas zvířat,fin ,cze,,,Helsinki (Finsko): Kirjalito AB,,,144.0,2002.0,951-28-3598-3,Ismo Nuuja (trl) § Libuše Knotková (ill) § Jaromír Knotek (ill),,
96,97,004795698,kniha,,celé dílo,překlad,,"Lusting, Arnošt (jk01072683)",Rukous Katarzyna Horowitzille,,Modlitba pro Kateřinu Horovitzovou,fin,cze,,,Helsinki (Finsko): Like,,,174.0,2006.0,952-471-774-3,"Nina Saikkonen (trl, aft)",,
97,98,004860173,kniha,,celé dílo,překlad,,"Lusting, Arnošt (jk01072683)",Rukous Katarzyna Horowitzille,,Modlitba pro Kateřinu Horovitzovou,fin,cze,,,Helsinki (Finsko): Like,,,174.0,2008.0,978-952-01-0180-0,"Nina Saikkonen (trl, aft)",,"druhé vydání je naprosto stejné jako první, jen je ve formě paperbacku"
98,99,002483837,kniha,,celé dílo,překlad,,"Lusting, Arnošt (jk01072683)",Pimeydellä ei ole varjoa,,Tma nemá stín,fin,cze,,,Helsinki (Finsko): Like,,,230.0,2008.0,978-952-01-0143-5,"Nina Saikkonen (trl, aft)",věnováno prof. Jiřímu Fraňkovi,
99,100,003095681,kniha,,celé dílo,překlad,,"Páral, Vladimír (jk01091743)",Nuori mies ja valkoinen valas,Pieni kemiallinen eepos,Mladý muž a bílá velryba,fin,cze,,,Helsinki (Finsko): Kirjayhtymä,,,219.0,1985.0,951-26-2579-2,Leo Bessonoff (trl),,
100,101,005953533,kniha,,celé dílo,překlad,,"Lehečková, Helena (ola2003209157)",Hitsi vieköön! ,,K čertu!,fin,cze,,,Helsinki (Finsko): LURRA Editions,,,86.0,2011.0,9578-952-5850-20-8,Elli Kulmala (trl) § Marjo Kauppinen (trl) § Tanja Kielinen (trl) § Ilona Pallasvuo (trl) § Anu Turunen (ill),"podpořeno ambasádou České republiky v Helsinkách, překlad korigován samotnou autorkou",
101,102,006117860,kniha,,celé dílo,překlad,,"Weiss, Helga (jn20000728821)",Helgan päiväkirja,Nuorena tyttönä keskitysleirillä,Deník Helgy,fin,cze,,,Helsinki (Finsko): Kustannusosakeyhtiö Tammi,,,223.0,2013.0,978-951-31-6788-2,"Eero Balk (trl) § Neil Bermel (cwt, aui, rozhovor s authorkou)",vydání obsahuje i rozhovor s autorkou ,
102,103,004752271,kniha,,celé dílo,překlad,,"Kolář, Jiří (jk01061244)",Kuin lasi puhdasta vettä,,Jako sklenka čisté vody,fin,cze,,,Helsinki (Finsko): Like,,,46.0,2005.0,951-471-635-6,Eero Balk (trl) § David Vaverka (trl) § Petr Řehoř (ill) § Yrjö Tuunanen (ill),,"dvojjazyčné vydání, obsahuje Kolářovy básně v originále i překladu"
103,104,006097524,kniha,,celé dílo,překlad,,"Rudiš, Jaroslav (xx0004127)",Punkin loppu Helsingissä,,Konec punku v Helsinkách,fin,cze,,,Helsinki (Finsko): Basam Books,,,288.0,2012.0,978-952-260-082-0,Eero Balk (trl),,
104,105,003287717,kniha,,celé dílo,překlad,,"Otčenášek, Jan (jk01091352)","Romeo, Julia ja pimeys",Romaani,"Romeo, Julie a tma",fin,cze,eng,,Helsinki (Finsko): Kustannutosakeyhtiö Otava,Moderneja kirjoilijoita ; pořadí neuvedeno,,160.0,1963.0,s.Hce.II.3690,Kyllikki Clément (trl),,neuveden  název anglického překladu
105,106,000973031,kniha,,celé dílo,překlad,,"Toman, Marek (js20020204004)",Saarenmaan valloitus,,Dobytí ostrova Saaremaa,fin,cze,,,Kärkölä (Finsko): Kustannus Oy Pieni Karhu,,,145.0,2007.0,978-952-5321-37-1,Eero Balk (trl) § Jan Ungrád (ill),vydáno za podpory programu Culture 2000 Evropské komise,
106,107,009846084,kniha,,celé dílo,překlad,,"Růžička, Oldřich (xx0004739)",Mistä tavarat tulevat,,Jak se co dělá,fin,cze,eng,How Things Are Made,Helsinki (Finsko): Kustannutosakeyhtiö Otava,,,,2017.0,978-951-1-30886-7,Iiris Kalliola (trl) § Alexandra Hetmerová (ill),,nemá číslované strany
107,108,003316302,kniha,,celé dílo,překlad,,"Lada, Josef (jk01071364)",Lukemista lapsille,,Dětem,fin,cze,ger,Für die Kinder,Helsinki (Finsko) : Weilin+Göös,,,47.0,1981.0,951-335-2142-7,Kaarina Helakisa (trl),,
108,109,002950693,kniha,,celé dílo,překlad,,"Čapek, Karel (jk01021023)",Kertomuksia,,,fin,cze,rus,,Petroskoi/Petrozavodsk (Rusko): Karjalais-Suomalaisen SNT:n valtion kustannusliike ,,,144.0,1954.0,s.FeKa.II.174,Leo Aalto (trl) § S. Nikolski (aui),,
109,110,005664744,kniha,,celé dílo,překlad,,"Čapek, Karel (jk01021023)",R.U.R. ,"Rossum´s Universal Robots. Kolektiivinen draama, jossa on alkukomedia ja kolme näytöstä",R.U.R. Rossum´s Universal Robots. Kolektivní drama o vstupní komedii a třech dějstvích ,fin,cze,,,Turku (Finsko): Savukeidas,,,124.0,2009.0,978-952-5500-44-8,"Eero Balk (trl, aft)",,
110,111,000780365,kniha,,celé dílo,překlad,,"Čapek, Karel (jk01021023)",Insinööri Prokopin aivokuume,,Krakatit,fin,cze,swe,,Helsinki (Finsko): Urheilijain Kustannus Oy,,,373.0,1944.0,s.Hce.II.+3949,"Martti Jukola (trl, aui)",,není uveden název švédského překladu
111,112,003236091,kniha,,celé dílo,překlad,,"Čapek, Karel (jk01021023)",Salamanterisota,,Válka s mloky,fin,cze,,,Helsinki (Finsko): Werner Söderström Osakeyhtiö,WSOY Taskukirja ; pořadí neuvedeno,,282.0,1962.0,s. Hce.I.9162,Reino Silvanto (trl),,paperback
112,113,003151804,kniha,,celé dílo,překlad,,"Čapek, Karel (jk01021023)",Salamanterisota,,Válka s mloky,"
fin",cze,,,Helsinki (Finsko): Werner Söderström Osakeyhtiö,,,282.0,1992.0,951-0-18367-0,Reino Silvanto (trl),,zřejmě stejný překlad jako vydání z roku 1962
113,114,001639466,kniha,,celé dílo,překlad,,"Čapek, Karel (jk01021023)",Puutarhurin vuosi,,Zahradníkův rok,fin,cze,,,Hämeenlinna (Finsko): Arvi A. Karisto Osakeyhtiö,,,172.0,1961.0,s.Q.I.2325,Toivo Kalervo (trl) § Josef Čapek (ill),,
114,115,003095264,kniha,,celé dílo,překlad,,"Čapek, Karel (jk01021023)",Puutarhurin vuosi,,Zahradníkův rok,fin,cze,,,Hämeenlinna (Finsko): Arvi A. Karisto Osakeyhtiö,,,160.0,1984.0,951-23-2115-7,Toivo Kalervo (trl) § Josef Čapek (ill),,až na velikost formátu shodné s předchozím vydáním
115,116,000253372,kniha,,celé dílo,překlad,,"Čapek, Karel (jk01021023)",Puutarhurin vuosi,,Zahradníkův rok,fin,cze,,,Helsinki (Finsko): Basam Books,,,208.0,2002.0,952-9842-66-X,Eero Balk (trl) § Josef Čapek (ill),,
116,117,005902989,kniha,,celé dílo,překlad,,"Čapek, Karel (jk01021023)",Puutarhurin vuosi,,Zahradníkův rok,fin,cze,,,Helsinki (Finsko): Basam Books,,,208.0,2011.0,,Eero Balk (trl) § Josef Čapek (ill),,až na velikost formátu shodné s předchozím vydáním
117,118,000484354,kniha,,celé dílo,překlad,,"Hrabal, Bohumil (jk01042564)",Tanssitunteja aikuisille ja edistyneille,,Taneční hodiny pro starší a pokročilé,fin,cze,ger,Tanzstunden für Erwachsene und Fortgeschrittene (Frankfurt am Main 1965),Helsinki (Finsko): Kustannutosakeyhtiö Otava,Moderneja kirjailijoita ; pořadí neuvedeno,,94.0,1966.0,s.Hce.II.7779,Aarno Peromies (trl),,
118,119,003093909,kniha,,celé dílo,překlad,,"Hrabal, Bohumil (jk01042564)",Tanssitunteja aikuisille ja edistyneille,,Taneční hodiny pro starší a pokročilé,fin,cze,ger,Tanzstunden für Erwachsene und Fortgeschrittene (Frankfurt am Main 1965),Helsinki (Finsko): Kustannutosakeyhtiö Otava,Delfiinikirjat  ; pořadí neuvedeno,,94.0,1983.0,951-1-07188-2,Aarno Peromies (trl),,až na velikost formátu shodné s předchozím vydáním
119,120,004743381,kniha,,celé dílo,překlad,,"Hrabal, Bohumil (jk01042564)",Tarjoilin Englannin kuninkaalle,,Obsluhoval jsem anglického krále,fin,cze,,,Juva (Finsko): Werner Söderström Osakeyhtiö,,,260.0,1991.0,951-0-17205-7,Hannu Ylilehto (trl),,
120,121,000548958,kniha,,celé dílo,překlad,,"Hrabal, Bohumil (jk01042564)",Liian meluisa yksinäisyys,,Příliš hlučná samota,fin,cze,,,Jyväskylä (Finsko): Kustannusosakeyhtiö Kirjava,,,126.0,2008.0,978-952-5802-00-9,Eero Balk (trl) § Miloslava Slavíčková (aft),,Za podpory ministerstva kultury ČR
121,122,003281219,kniha,,celé dílo,překlad,,"Miler, Zdeněk (jk01081695)",Kuinka myyrä sai housut,ja muita kertomuksia,originál neexistuje,fin,cze,ger,Wie der Maulwurf zu Hosen kam ,Helsinki (Finsko): Kustannusosakeyhtiö Tammi,,,,1988.0,951-30-8963-0,Iva Hercíková § Eduard Petiška (autoři textu) § Zdeněk Miler (ill) § Maija-Liisa Vuorjoki (trl),,nemá číslované strany
122,123,,část knihy,122,celé dílo,překlad,,"Miler, Zdeněk (jk01081695)",Koira joka halusi pentuja,,,,,,,,,,,,,,,
123,124,,část knihy,122,celé dílo,překlad,,"Hercíková, Iva (jk01040797)",Koira ja hunaja,,,,,,,,,,,,,,,
124,125,,část knihy,122,celé dílo,překlad,,"Petiška, Eduard (jk01092720)",Kuinka Myyrä sai housut,,Jak krtek ke kalhotkám přišel,,,,,,,,,,,,,
125,126,,část knihy,122,celé dílo,překlad,,"Miler, Zdeněk (jk01081695)",Myyrän lentoretki,,,,,,,,,,,,,,,
126,127,,část knihy,122,celé dílo,překlad,,"Petiška, Eduard (jk01092720)",Kuinka myyrä sai auton ,,Krtek a autíčko,,,,,,,,,,,,,
127,128,003319114,kniha,,celé dílo,překlad,,"Miler, Zdeněk (jk01081695)",Kuinka myyrä sai housut,ja muita kertomuksia,originál neexistuje,fin,cze,ger,Wie der Maulwurf zu Hosen kam ,Helsinki (Finsko): Kustannusosakeyhtiö Tammi,,,,1996.0,951-31-0797-3,Iva Hercíková § Eduard Petiška (autoři textu) § Zdeněk Miler (ill) § Maija-Liisa Vuorjoki (trl),,nemá číslované strany
128,129,,část knihy,128,celé dílo,překlad,,"Miler, Zdeněk (jk01081695)",Koira joka halusi pentuja,,,,,,,,,,,,,,,
129,130,,část knihy,128,celé dílo,překlad,,"Hercíková, Iva (jk01040797)",Koira ja hunaja,,,,,,,,,,,,,,,
130,131,,část knihy,"
000128",celé dílo,překlad,,"Petiška, Eduard (jk01092720)",Kuinka myyrä sai housut,,Jak krtek ke kalhotkám přišel,,,,,,,,,,,,,
131,132,,část knihy,000128,celé dílo,překlad,,"Miler, Zdeněk (jk01081695)",Myyrän lentoretki,,,,,,,,,,,,,,,
132,133,,část knihy,000128,celé dílo,"
překlad",,"Petiška, Eduard (jk01092720)",Kuinka myyrä sai auton,,Krtek a autíčko,,,,,,,,,,,,,
133,134,	018299693,kniha,,celé dílo,překlad,,"Miler, Zdeněk (jk01081695)",Kuinka myyrä sai housut ja muita kertomuksia,,,fin,cze,ger,Wie der Maulwurf zu Hosen kam ,Helsinki (Finsko): Kustannusosakeyhtiö Tammi,,,,1979.0,951-30-2810-0,Iva Hercíková § Eduard Petiška (autoři textu) § Zdeněk Miler (ill) § Maija-Liisa Vuorjoki (trl),,nemá číslované strany
134,135,,část knihy,000134,celé dílo,překlad,,"Miler, Zdeněk (jk01081695)",Koira joka halusi pentuja,,,,,,,,,,,,,,,
135,136,,část knihy,000134,celé dílo,překlad,,"Hercíková, Iva (jk01040797)",Koira ja hunaja,,,,,,,,,,,,,,,
136,137,,část knihy,000134,celé dílo,překlad,,"Petiška, Eduard (jk01092720)",Kuinka myyrä sai housut,,Jak krtek ke kalhotkám přišel,,,,,,,,,,,,,
137,138,,část knihy,000134,celé dílo,překlad,,"Miler, Zdeněk (jk01081695)",Myyrän lentoretki,,,,,,,,,,,,,,,
138,139,,část knihy,000134,celé dílo,překlad,,"Petiška, Eduard (jk01092720)",Kuinka myyrä sai auto,,Krtek a autíčko,,,,,,,,,,,,,
139,140,003281217,kniha,,celé dílo,překlad,,"Novotný, Josef Alois (jk01090719)",Myyrä kaupungissa,,Krtek ve městě,fin,cze,ger,Der Maulwurf in der Stadt,Helsinki (Finsko): Kustannusosakeyhtiö Tammi,,,,1985.0,951-30-6238-4,Zdeněk Miler (ill) § Leena Krohn (trl),,nemá číslované strany
140,141,003319118,kniha,,celé dílo,překlad,,"Doskočilová, Hana (jk01022763)",Myyrän seitsemäs taivas,,Krtek v sedmém nebi,fin,cze,ger,Der Maulwurf im Siebten Himmel,Helsinki (Finsko): Kustannusosakeyhtiö Tammi,,,,1987.0,951-30-6774-2,Zdeněk Miler (ill) § Marvi Jalo (trl),,nemá číslované strany
141,142,003319116,kniha,,celé dílo,překlad,,"Doskočilová, Hana (jk01022763)",Myyrä parantaa hiiren,,Jak krtek uzdravil myšku,fin,cze,,,Helsinki (Finsko): Kustannusosakeyhtiö Tammi,,,85.0,1999.0,951-31-1445-7,Zdeněk Miler (ill) § Kirsti Siraste (trl) ,,
142,143,006018281,kniha,,celé dílo,překlad,,"Doskočilová, Hana (jk01022763)",Myyrä ja vihreä tähti,,Krtek a zelená hvězda,fin,cze,,,Helsinki (Finsko): Kustannusosakeyhtiö Tammi,,,31.0,2012.0,978-951-31-6866-7,Zdeněk Miler (ill) § Kirsti Siraste (trl) ,,
143,144,000179407,kniha,,celé dílo,překlad,,"Doskočilová, Hana (jk01022763)",Myyrä ja vihreä tähti,,Krtek a zelená hvězda,fin,cze,ger,,Helsinki (Finsko): Kustannusosakeyhtiö Tammi,,,86.0,1998.0,951-31-1284-5,Zdeněk Miler (ill) § Marvi Jalo (trl),,neuveden název německého překladu
144,145,,část knihy,000144,celé dílo,překlad,,,Myyrä ja vihreä tähti,,Krtek a zelená hvězda,,,,,,,,,,,,,
145,146,,část knihy,000144,celé dílo,překlad,,,Myyrä ja sateenvarjo,,Krtek a paraplíčko,,,,,,,,,,,,,
146,147,,část knihy,000144,celé dílo,překlad,,,Myyrän seitsemäs taivas,,Krtek v sedmém nebi,,,,,,,,,,,,,
147,148,?003324517,kniha,,celé dílo,překlad,,"Petiška, Eduard (jk01092720)",Myyrän housut,,Jak krtek ke kalhotkám přišel,fin,cze,,,Helsinki (Finsko): Kustannusosakeyhtiö Tammi,,,63.0,2006.0,978-951-31-1697-2,Zdeněk Miler (ill) § Kirsti Siraste (trl),,ISBN uvedeno i bez předčíslí 978
148,149,003319117,kniha,,celé dílo,překlad,,"Petiška, Eduard (jk01092720)",Myyrän auto,,Krtek a autíčko,fin,cze,,,Helsinki (Finsko): Kustannusosakeyhtiö Tammi,,,63.0,1999.0,951-31-1712-X,Zdeněk Miler (ill) § Kirsti Siraste (trl),,
149,150,003334070,kniha,,celé dílo,překlad,,"Doskočilová, Hana (jk01022763)",Myyrä ja kotka,,Krtek a Orel,fin,cze,,,Helsinki (Finsko): Kustannusosakeyhtiö Tammi,,,78.0,2002.0,951-31-2305-7,Zdeněk Miler (ill) § Kirsti Siraste (trl),,
150,151,003319115,kniha,,celé dílo,překlad,,"Novotný, Josef Alois (jk01090719)",Myyrä kaupungissa,,Krtek ve městě,fin,cze,,,Helsinki (Finsko): Kustannusosakeyhtiö Tammi,,,79.0,2000.0,951-31-1848-7,Zdeněk Miler (ill) § Kirsti Siraste (trl),,
151,152,007228547,kniha,,celé dílo,překlad,,"Doskočilová, Hana (jk01022763)",Myyrän talvi,,Krtek v zimě,fin,cze,,,Helsinki (Finsko): Kustannusosakeyhtiö Tammi,,,69.0,2015.0,978-951-31-8723-3,Zdeněk Miler (ill) § Kirsti Siraste (trl),,
152,153,,část knihy,000152,celé dílo,překlad,,,Myyrä ja lumiukko,,Krtek a sněhulák,,,,,,,,,,,,,
153,154,,část knihy,000152,celé dílo,překlad,,,Myyrän joulu,,Krtek a Vánoce,,,,,,,,,,,,,
154,155,003319120,kniha,,celé dílo,překlad,,"Doskočilová, Hana (jk01022763)",Myyrän talvi,,Krtek v zimě,fin,cze,,,Helsinki (Finsko): Kustannusosakeyhtiö Tammi,,,67.0,1998.0,951-31-1376-0,Zdeněk Miler (ill) § Kirsti Siraste (trl) ,,
155,156,,část knihy,000155,celé dílo,překlad,,,Myyrä ja lumiukko,,Krtek a sněhulák,,,,,,,,,,,,,
156,157,,část knihy,155,celé dílo,překlad,,,Myyrä ja joulu,,Krtek a Vánoce,,,,,,,,,,,,,
157,158,006021384,kniha,,celé dílo,překlad,,"Černík, Michal (jk01021422)",Myyrän viikko,,Krtkův týden,fin,cze,,,Helsinki (Finsko): Kustannusosakeyhtiö Tammi,,,,2012.0,978-951-31-6842-1,Zdeněk Miler (ill) § Kateřina Miler (ill) § Kirsti Siraste (trl),,nemá číslované strany
158,159,005619926,kniha,,celé dílo,překlad,,"Doskočilová, Hana (jk01022763)",Myyrän kevätleikit,,Krtek a jaro,fin,cze,,,Helsinki (Finsko): Kustannusosakeyhtiö Tammi,,,,2009.0,978-951-31-4606-1,Zdeněk Miler (ill) § Kateřina Miler (ill) § Kirsti Siraste (trl),,nemá číslované strany
159,160,005269672,kniha,,celé dílo,překlad,,"Doskočilová, Hana (jk01022763)",Myyrän kesäleikit,,Krtek a léto,fin,cze,,,Helsinki (Finsko): Kustannusosakeyhtiö Tammi,,,,2009.0,978-951-31-4607-8,Zdeněk Miler (ill) § Kateřina Miler (ill) § Kirsti Siraste (trl),,nemá číslované strany
160,161,005237063,kniha,,celé dílo,překlad,,"Doskočilová, Hana (jk01022763)",Myyrän syysleikit,,Krtek a podzim,fin,cze,,,Helsinki (Finsko): Kustannusosakeyhtiö Tammi,,,,2008.0,978-951-31-4373-2,Zdeněk Miler (ill) § Kateřina Miler (ill) § Kirsti Siraste (trl),,nemá číslované strany
161,162,005989068,kniha,162,celé dílo,překlad,,"Doskočilová, Hana (jk01022763)",Myyrä leikkii,,Krtkovy příhody od jara do zimy,fin,cze,,,Helsinki (Finsko): Kustannusosakeyhtiö Tammi,,,53.0,2012.0,978-951-31-6701-1,Zdeněk Miler (ill) § Kateřina Miler (ill) § Kirsti Siraste (trl),,
162,163,,část knihy,162,celé dílo,překlad,,,Myyrän kevätleikit,,,,,,,,,,,,,,,
163,164,,část knihy,162,celé dílo,překlad,,,Myyrän kesäleikit,,,,,,,,,,,,,,,
164,165,,část knihy,162,celé dílo,překlad,,,Myyrän syysleikit,,,,,,,,,,,,,,,
165,166,,část knihy,162,celé dílo,překlad,,,Myyrän talvileikit,,,,,,,,,,,,,,,
166,167,	011601391,kniha ,,celé dílo,překlad,,"Doskočilová, Hana (jk01022763)",Myyrä ja lumiukko,,Krtek a sněhulák,fin,cze,,,Helsinki (Finsko): Kustannusosakeyhtiö Tammi,,,35.0,2006.0,978-951-31-3348-1,Zdeněk Miler (ill)  § Kirsti Siraste (trl),text již dříve součástí díla Myyrän talvi ,ISBN uvedeno i bez předčíslí 978
167,168,005918905,kniha,,celé dílo,překlad,,"Doskočilová, Hana (jk01022763)",Myyrän satuaarre,,Dětem Zdeněk Miler a Krtek,fin,cze,,,Helsinki (Finsko): Kustannusosakeyhtiö Tammi,,,100.0,2011.0,978-951-31-5936-8,Zdeněk Miler (ill)  § Kirsti Siraste (trl),,
168,169,,část knihy ,168,celé dílo,překlad,,,Kukko ja kana (pohjana kansansatu),,,,,,,,,,,,,,,
169,170,,část knihy ,168,celé dílo,překlad,,"Hrubín, František (jk01042920)",Kananpoika ja viljat ,,Kuřátko a obilí ,,,,,,,,,,,,,
170,171,,část knihy,168,celé dílo,překlad,,,Laiska Reetta (pohjana kansansatu),,,,,,,,,,,,,,,
171,172,,část knihy,168,celé dílo,překlad,,,Utelias koiranpentu (Iva Hercíkováa mukaillen),,O zvědavém štěňátku,,,,,,,,,,,,,
172,173,,část knihy,168,celé dílo,překlad,,,Kuinka myyrä sai housut (Eduard Petiškaa mukaillen) ,,Jak krtek ke kalhotkám přišel,,,,,,,,,,,,,
173,174,,část knihy,168,celé dílo,překlad,,"Kožíšek, Josef (jk01062666)",Muurahainen sairastui,,Polámal se mraveneček,,,,,,,,,,,,,
174,175,,část knihy,168,celé dílo,překlad,,,Nyörimaakari hämähäkki (Inka Ciprováa mukaillen),,,,,,,,,,,,,,,
175,176,,část knihy,168,celé dílo,překlad,,,Jaakko Karhunen ja karhunsa Jassikka (Vladislav Vančura mukaillen),,,,,,,,,,,,,,,
176,177,,část knihy ,168,celé dílo,překlad,,,Myyrän auto (Eduard Petiškaa mukaillen),,Krtek a auto,,,,,,,,,,,,,
177,178,,část knihy,168,celé dílo,překlad,,"Čarek, Jan (jk01021064)",Iloinen veturi,,,,,,,,,,,,,,,
178,179,,část knihy,168,celé dílo,překlad,,,Maailman rikkain varpunen (Eduard Petiškaa mukaillen),,,,,,,,,,,,,,,
179,180,,část knihy,168,celé dílo,překlad,,,Kuski Puskin reissut (Václav Čtvrtekiä mukaillen),,,,,,,,,,,,,,,
180,181,,část knihy,168,celé dílo,překlad,,,Miten myyrä pelasti jäniksen (Hana Doskočilováa mukaillen) ,,,,,,,,,,,,,,,
181,182,,část knihy,168,celé dílo,překlad,,"Michalkov, Sergej (jo20010094273)",Minun koiranpentuni,,,,,,,,,,,,,,,
182,183,,část knihy,168,celé dílo,překlad,,,Satusetä (Eduard Petiškáa mukaillen),,,,,,,,,,,,,,,
183,184,,část knihy,168,celé dílo,překlad,,"Kainar, Josef (jk01052554)",Västäräkin pilkka,,,,,,,,,,,,,,,
184,185,006649397,kniha,,celé dílo,překlad,,"Doskočilová, Hana (jk01022763)",Myyrän sateenvarjo,,Krtek a paraplíčko,fin,cze,,,Helsinki (Finsko): Kustannusosakeyhtiö Tammi,,,38.0,2014.0,978-951-31-7019-6,Zdeněk Miler (ill)  § Kirsti Siraste (trl),text byl dříve přeložen jako Myyrä ja sateenvarjo,
185,186,006018281,kniha,,celé dílo,překlad,,"Doskočilová, Hana (jk01022763)",Myyrä ja vihreä tähti,,Krtek a zelená hvězda,fin,cze,,,Helsinki (Finsko): Kustannusosakeyhtiö Tammi,,,31.0,2012.0,978-951-31-6866-7,Zdeněk Miler (ill)  § Kirsti Siraste (trl),,
186,187,005653123,kniha,,celé dílo,překlad,,"Doskočilová, Hana (jk01022763)",Myyrä ja joulu,,Krtek a Vánoce,fin,cze,,,Helsinki (Finsko): Kustannusosakeyhtiö Tammi,,,35.0,2009.0,978-951-31-5221-5,Zdeněk Miler (ill)  § Kirsti Siraste (trl),vyšlo již dříve v dílech Myyrän talvi,
187,188,003018432,kniha,,celé dílo,překlad,,"Žáček, Jiří (jk01152946)",Leikitään myyrän kanssa,,Říkáme si s krtkem,fin,cze,,,Helsinki (Finsko): Kustannusosakeyhtiö Tammi,,,31.0,2007.0,978-951-31-3785-4,Zdeněk Miler (ill) § Ondřej Müller (edt) § Irena Tatíčková (edt) § Kirsti Siraste (trl),,
188,189,006263892,kniha,,celé dílo,překlad,,Kateřina Miler (jn19981001769),Myyrä ja kala,,Krtek a rybka,fin,cze,,,Helsinki (Finsko): Kustannusosakeyhtiö Tammi,,,46.0,2013.0,978-951-31-70-50-9,Zdeněk Miler (ill) § Kateřina Miler (ill) § Kirsti Siraste (trl),,
189,190,000256205,kniha,,celé dílo,překlad,,"Doskočilová, Hana (jk01022763)",Myyrä puhemiehenä,,Krtek a Maminka,fin,cze,,,Helsinki (Finsko): Kustannusosakeyhtiö Tammi,,,54.0,2002.0,951-31-2511-4,Zdeněk Miler (ill) § Kirsti Siraste (trl),,
190,191,000366912,kniha,,celé dílo,překlad,,Zdeněk Miler (jk01081695),Myyrän raketti,,Krtek a Raketa,fin,cze,,,Helsinki (Finsko): Kustannusosakeyhtiö Tammi,,,47.0,2004.0,951-31-2006-6,Zdeněk Miler (ill) § Kirsti Siraste (trl),,
191,192,	009950433,kniha,,celé dílo,překlad,,"Doskočilová, Hana (jk01022763)",Myyrä ja sateenvarjo,,Krtek a paraplíčko,fin,cze,ger,,Helsinki (Finsko): Kustannusosakeyhtiö Tammi,,,39.0,2007.0,978-951-31-3340-5,Zdeněk Miler (ill) § Marvi Jalo (trl),"dříve vydáno jako součást sboru Myyrä ja vihreä tähti (1998), text je zřejmě pouze přebrán odtud a vydán samostatně",neuveden název německého překladu
192,193,006069864,kniha,,antologie,překlad,,"Doskočilová, Hana (jk01022763)",Myyrän seikkailut,,originál neexistuje,fin,cze,,,Helsinki (Finsko): Kustannusosakeyhtiö Tammi,,,166.0,2012.0,978-951-31-6875-9,Zdeněk Miler (ill) § Kirsti Siraste (trl),,
193,194,,část knihy,193,celé dílo,překlad,,"Petiška, Eduard (jk01092720)",Myyrän housut,,Jak Krtek ke kalhotkám přišel,,,,,,,,,,,,,
194,195,,část knihy,193,celé dílo,překlad,,"Petiška, Eduard (jk01092720)",Myyrän auto,,Krtek a autíčko,,,,,,,,,,,,,
195,196,,část knihy,193,celé dílo,překlad,,,Myyrän sateenvarjo,,Krtek a paraplíčko,,,,,,,,,,,,,
196,197,	005237062,kniha,,celé dílo,překlad,,"Doskočilová, Hana (jk01022763)",Myyrän talvileikit,,Krtek a zima,fin,cze,,,Helsinki (Finsko): Kustannusosakeyhtiö Tammi,,,,2008.0,978-951-31-4372-5,Zdeněk Miler (ill) § Kateřina Miler (ill) § Kirsti Siraste (trl),,nemá číslované strany
197,198,000451666,kniha,,celé dílo,překlad,,"Kundera, Milan (jk01070894)",Kuolemattomuus,,Nesmrtelnost,fin,cze,,,Juva (Finsko): Werner Söderström Osakeyhtiö,Aikamme kertojia ; 72,,414.0,1992.0,951-0-17202-2,Kirsti Siraste (trl),druhé vydání,
198,199,000413970,kniha,,celé dílo,překlad,,"Kundera, Milan (jk01070894)",Jäähyväisvalssi,,Valčík na rozloučenou,fin ,cze,,,Juva (Finsko): Werner Söderström Osakeyhtiö,Aikamme kertojia ; 71,,320.0,1987.0,951-0-14538-6,Kirsti Siraste (trl),druhé vydání,
199,200,002557180,kniha,,celé dílo,překlad,,"Kundera, Milan (jk01070894)",Jäähyväisvalssi,,Valčík na rozloučenou,fin,cze,,,Juva (Finsko): Werner Söderström Osakeyhtiö,Best seller ; pořadí neuvedeno,,320.0,1992.0,951-0-18206-0,Kirsti Siraste (trl),paperbacková verze předešlého vydání,
200,201,003092656,kniha,,celé dílo,překlad,,"Kundera, Milan (jk01070894)",Elämä on toisaalla,,Život je jinde,fin,cze,,,Juva (Finsko): Werner Söderström Osakeyhtiö,Kolibri-kirjasto ; 49,,298.0,1985.0,951-0-12788-4,Kirsti Siraste (trl),paperbackové druhé vydání,
201,202,	001386596,kniha,,celé dílo,překlad,,"Kundera, Milan (jk01070894)",Elämä on toisaalla,,Život je jinde,fin,cze,,,Juva (Finsko): Werner Söderström Osakeyhtiö,Aikamme kertojia ; pořadí neuvedeno,,304.0,1991.0,951-0-07899-9,Kirsti Siraste (trl),,
202,203,018172962,kniha,,celé dílo,překlad,,"Kundera, Milan (jk01070894)",Elämä on toisaalla,,Život je jinde,fin,cze,,,Helsinki (Finsko): Werner Söderström Osakeyhtiö,,,568.0,2022.0,978-951-0-48946-8,Kirsti Siraste (trl),,
203,204,000520601,kniha,,celé dílo,překlad,,"Kundera, Milan (jk01070894)",Tšekkiläinen pila,,Žert,fin,cze,,,Porvoo (Finsko): Werner Söderström Osakeyhtiö,Aikamme kertojia ; 53,,350.0,1974.0,951-0-06248-0 (nid.) / 951-0-06249-9 (sid.),Maire Uusitalo (trl),,
204,205,006984602,kniha,,celé dílo,překlad,,"Kundera, Milan (jk01070894)",Pila,,Žert,fin,cze,,,Helsinki (Finsko): Werner Söderström Osakeyhtiö ,Bon ; 6,,383.0,2015.0,978-951-0-40646-5,Maire Uusitalo (trl),,
205,206,000416127,kniha,,celé dílo,překlad,,"Kundera, Milan (jk01070894)",Naurattavien rakkauksien kirja,,Směšné lásky,fin,cze,,,Juva (Finsko): Werner Söderström Osakeyhtiö,Aikamme kertojia ; 73,,280.0,1988.0,951-0-15148-3,Kirsti Siraste (trl),,
206,207,,část knihy,205,celé dílo,překlad,,,Yksikään ei naura,,Nikdo se nebude smát,,,,,,,,,,,,,
207,208,,část knihy,000205,celé dílo,překlad,,,Ikikaipuun kultaomena,,Zlaté jablko věčné touhy,,,,,,,,,,,,,
208,209,,část knihy,000205,celé dílo,překlad,,,Liftileikki,,Falešný autostop,,,,,,,,,,,,,
209,210,,část knihy,000205,celé dílo,překlad,,,Illatsut,,Symposion,,,,,,,,,,,,,
210,211,,část knihy,000205,celé dílo,překlad,,,Vanhat vainajat väistykööt uusien tieltä ,,At´ ustoupí staří mrtví mladým mrtvým,,,,,,,,,,,,,
211,212,,část knihy,000205,celé dílo,překlad,,,Tohtori Havel vuosikymmenen kuluttua,,Doktor Havel po deseti letech,,,,,,,,,,,,,
212,213,,část knihy,000205,celé dílo,překlad,,,Eduard ja Jumala,,Eduard a Bůh,,,,,,,,,,,,,
213,214,001451527,kniha,,celé dílo,překlad,,"Kundera, Milan (jk01070894)",Naurun ja unohduksen kirja,,Kniha smíchu a zapomnění,fin,cze,,,Juva (Finsko): Werner Söderström Osakeyhtiö,Aikamme kertojia ; 74,,262.0,1983.0,951-0-11711-0,Kirsti Siraste (trl) § Jan Blomstedt (aui),,
214,215,003129678,kniha,,celé dílo,překlad,,"Kundera, Milan (jk01070894)",Naurun ja unohduksen kirja,,Kniha smíchu a zapomnění,fin,cze,,,Juva (Finsko): Werner Söderström Osakeyhtiö,Best seller ; pořadí neuvedeno,,262.0,1990.0,951-0-16214-0,Kirsti Siraste (trl) § Jan Blomstedt (aui),,
215,216,006985151,kniha,,celé dílo,překlad,,"Kundera, Milan (jk01070894)",Naurun ja unohduksen kirja,,Kniha smíchu a zapomnění,fin,cze,,,Helsinki (Finsko): Werner Söderström Osakeyhtiö,Bon ; 5,,349.0,2015.0,978-951-0-40648-9,Kirsti Siraste (trl),,
216,217,000838721,kniha,,celé dílo,překlad,,"Kundera, Milan (jk01070894)",Olemisen sietämätön keveys,,Nesnesitelná lehkost bytí,fin,cze,,,Juva (Finsko): Werner Söderström Osakeyhtiö,,,390.0,1996.0,951-0-21517-1,Kirsti Siraste (trl)  § Jan Blomstedt (aui),deváté vydání,
217,218,002458847,kniha,,celé dílo,překlad,,"Kundera, Milan (jk01070894)",Olemisen sietämätön keveys,,Nesnesitelná lehkost bytí,fin,cze,,,Juva (Finsko): Werner Söderström Osakeyhtiö,Best seller ; pořadí neuvedeno,,390.0,1994.0,951-0-16861-0,Kirsti Siraste (trl)  § Jan Blomstedt (aui),osmé vydání,paperback
218,219,	004871343,kniha,,celé dílo,překlad,,"Kundera, Milan (jk01070894)",Olemisen sietämätön keveys,,Nesnesitelná lehkost bytí,fin,cze,,,Helsinki (Finsko): Werner Söderström Osakeyhtiö : Loisto,,,390.0,2005.0,952-459-184-7,Kirsti Siraste (trl)  § Jan Blomstedt (aui),jedenácté vydání,paperback
219,220,002458847,kniha,,celé dílo,překlad,,"Kundera, Milan (jk01070894)",Olemisen sietämätön keveys,,Nesnesitelná lehkost bytí,fin,cze,,,Juva (Finsko): Werner Söderström Osakeyhtiö,Aikamme kertojia ; 75,,390.0,1991.0,951-0-13075-3,Kirsti Siraste (trl)  § Jan Blomstedt (aui),sedmé vydání,
220,221,006654557,kniha,,celé dílo,překlad,,"Kundera, Milan (jk01070894)",Olemisen sietämätön keveys,,Nesnesitelná lehkost bytí,fin,cze,,,Helsinki (Finsko): Werner Söderström Osakeyhtiö,Bon ; pořadí neuvedeno,,414.0,2014.0,978-951-0-40649-6,Kirsti Siraste (trl) ,,paperback
221,222,018172974,kniha,,celé dílo,překlad,,"Kundera, Milan (jk01070894)",Olemisen sietämätön keveys,,Nesnesitelná lehkost bytí,fin,cze,,,Helsinki (Finsko): Werner Söderström Osakeyhtiö,,,557.0,2022.0,978-951-0-48944-4,Kirsti Siraste (trl) ,,
222,223,000276579,kniha,,celé dílo,překlad,,"Kundera, Milan (jk01070894)",Pila,,Žert,fin,cze,,,Helsinki (Finsko): Werner Söderström Osakeyhtiö,,,327.0,2003.0,951-0-28199-9,Maire Uusitalo (trl),revidováno podle francouzského vydání z roku 1985,
223,224,011527484,kniha,,celé dílo,překlad,,"Hašek, Jaroslav (jk01040097)",Huumorin koulu ,12 oppituntia,Škola humoru,fin,cze,,,Helsinki (Finsko): Kansankulttuuri Oy,,,307.0,1959.0,s.Hce.II.3215,Aira Sinervo (trl) § Werner Klemke (ill) § Zdena Ančik (doslov),,
224,225,003252607,kniha,,celé dílo,překlad,,"Hašek, Jaroslav (jk01040097)",Kunnon sotamies Shvejkin seikkailut maailmansodassa,1. Rintaman takana,Osudy dobrého vojáka Švejka za světové války - V zázemí,fin,cze,swe,,Helsinki (Finsko): Kirjailijain Kustannusliike,,,328.0,1935.0,s.Hce.II.528,Viljo Kajava (trl),,neuveden název švédského překladu
225,226,011527483,kniha,,celé dílo,překlad,,"Hašek, Jaroslav (jk01040097)",Kunnon sotamies Shvejkin seikkailut maailmansodassa,2. Matkalla rintamalle,Osudy dobrého vojáka Švejka za světové války - Na frontě,fin,cze,swe,,Helsinki (Finsko): Kirjailijain Kustannusliike,,,349.0,1936.0,s.Hce.II.528,Viljo Kajava (trl),,neuveden název švédského překladu
226,227,000811235,kniha,,celé dílo,překlad,,"Hašek, Jaroslav (jk01040097)",Kunnon sotamies Shvejkin seikkailut maailmansodassa I -Rintaman selkäpuolela,,Osudy dobrého vojáka Švejka za světové války - V zázemí,fin,cze,rus,,Leningrad (SSSR): Valtion Kustannusliike Kirja - Leningradin Osasto,,,185.0,1932.0,s.FeKa.II.257,Jalmari Virtanen (trl),,
227,228,	006833795,kniha,,celé dílo,překlad,,"Hašek, Jaroslav (jk01040097)",Kunnon sotamies Shvejkin seikkailut maailmansodassa IV Etulinjoilla,,Osudy dobrého vojáka Švejka za světové války - Pokračování slavného výprasku,fin,cze,rus,,Leningrad (SSSR): Valtion Kustannusliike Kirja ,,,189.0,1936.0,s.FeKa.II.257,Jalmari Virtanen (trl) § Josef Lada (ill) § Leevi Aalto (ill),,
228,229,000733385,kniha,,souborné dílo,překlad,,"Hašek, Jaroslav (jk01040097)",Kunnon sotamies Švejkin seikkailut maailmansodassa I-II,,originál neexistuje,fin,cze,,,Helsinki (Finsko): Kansankulttuuri Oy,,,569.0,1959.0,s.Hce.II.3053,Marja Helin (trl) § Tuure Lehén (trl) § Elvi Sinervo (trl) § Josef Lada (ill),šesté vydání,
229,230,,část knihy,229,celé dílo,překlad,,,I osa - Rintaman takana,,Osudy dobrého vojáka Švejka za světové války - V zázemí,,,,,,,,,,,,,
230,231,,část knihy,229,celé dílo,překlad,,,II osa - Matkalla rintamalle,,Osudy dobrého vojáka Švejka za světové války - Na frontě,,,,,,,,,,,,,
231,232,000733386,kniha,,souborné dílo,překlad,,"Hašek, Jaroslav (jk01040097)",Kunnon sotamies Švejkin seikkailut maailmansodassa III-IV,,originál neexistuje,fin,cze,,,Helsinki (Finsko): Kansankulttuuri Oy,,,404.0,1959.0,s.Hce.II.3053,Marja Helin (trl) § Tuure Lehén (trl) § Elvi Sinervo (trl) § Josef Lada (ill),šesté vydání,
232,233,,část knihy,232,celé dílo,překlad,,,III osa - Kunniakas selkäsauna,,Osudy dobrého vojáka Švejka za světové války - Slavný výprask,,,,,,,,,,,,,
233,234,,část knihy,232,celé dílo,překlad,,,IV osa - Kunniakkaan selkäsaunan jatkoa,,Osudy dobrého vojáka Švejka za světové války - Pokračování slavného výprasku,,,,,,,,,,,,,
234,235,	000811240,kniha,,celé dílo,překlad,,"Hašek, Jaroslav (jk01040097)",Kunnon sotamies Shvejkin seikkailut maailmansodassa II Rintamalla,,Osudy dobrého vojáka Švejka za světové války - Na frontě,fin,cze,rus,,Leningrad (SSSR): Valtion Kustannusliike Kirja ,,,173.0,1933.0,s.FeKa. II.257,Jalmari Virtanen (trl) § Josef Lada (ill) § Väinö Junus (ill),,
235,236,006612325,kniha,,celé dílo,překlad,,"Hašek, Jaroslav (jk01040097)",Kunnon sotamies Shvejkin seikkailut maailmansodassa III Sotavankeuteen,,Osudy dobrého vojáka Švejka za světové války - Slavný výprask,fin,cze,rus,,Leningrad (SSSR): Valtion Kustannusliike Kirja ,,,173.0,1934.0,s.FeKa.II.254,Jalmari Virtanen (trl) § Josef Lada (ill) § Leevi Aalto (ill),,
236,237,000782952,kniha,,celé dílo,překlad,,"Hašek, Jaroslav (jk01040097)",Kunnon sotamies Shvejkin seikkailut maailmansodassa Osa II Matkalla rintamalle,,Osudy dobrého vojáka Švejka za světové války - Na frontě,fin,cze,,,Helsinki (Finsko): Kansankulttuuri Oy,,,285.0,1947.0,s.Hce.II.1330,Marja Helin (trl),,
237,238,	003637577,kniha,,celé dílo,překlad,,"Hašek, Jaroslav (jk01040097)",Kunnon sotamies Švejkin seikkailut maailmansodassa II osa Matkalla rintamalle,,Osudy dobrého vojáka Švejka za světové války - Na frontě,fin,cze,,,Helsinki (Finsko): Kansankulttuuri Oy,,,288.0,1956.0,s.Hce.II.2552,Marja Helin (trl) § Josef Lada (ill),páté vydání,
238,239,007336784,kniha,,celé dílo,překlad,,"Hašek, Jaroslav (jk01040097)",Kunnon sotamies Švejkin seikkailut maailmansodassa I osa Rintaman takana,,Osudy dobrého vojáka Švejka za světové války - V zázemí,fin,cze,,,Helsinki (Finsko): Kansankulttuuri Oy,,,273.0,1956.0,s.Hce.II.2552,Marja Helin (trl) § Josef Lada (ill),páté vydání,
239,240,	000754778,kniha,,celé dílo,překlad,,"Hašek, Jaroslav (jk01040097)",Kunnon sotamies Švejkin seikkailut maailmansodassa III osa Kunniakas selkäsauna,,Osudy dobrého vojáka Švejka za světové války - Slavný výprask,fin,cze,,,Helsinki (Finsko): Kansankulttuuri Oy,,,400.0,1956.0,s.Hce.II.2552,Marja Helin (trl) § Josef Lada (ill),páté vydání,
240,241,011527482,kniha,,souborné dílo,překlad,,"Hašek, Jaroslav (jk01040097)",Kunnon sotamies Švejkin seikkailut maailmansodassa I-II,,originál neexistuje,fin,cze,,,Helsinki (Finsko): Kansankulttuuri Oy,,,569.0,1968.0,s.Hce.II.8373,Marja Helin (trl) § Tuure Lehén (trl) § Elvi Sinervo (trl) § Josef Lada (ill),sedmé vydání,
241,242,,část knihy,241,celé dílo,překlad,,,I osa Rintaman takana,,Osudy dobrého vojáka Švejka za světové války - V zázemí,,,,,,,,,,,,,
242,243,,část knihy,241,celé dílo,překlad,,,II osa Matkalla rintamalle,,Osudy dobrého vojáka Švejka za světové války - Na frontě,,,,,,,,,,,,,
243,244,	012212887,kniha,,souborné dílo,překlad,,"Hašek, Jaroslav (jk01040097)",Kunnon sotamies Švejkin seikkailut maailmansodassa I-II,,originál neexistuje,fin,cze,,,Helsinki (Finsko): Kansankulttuuri Oy,,,569.0,1979.0,951-615-175-2,Marja Helin (trl) § Tuure Lehén (trl) § Elvi Sinervo (trl) § Josef Lada (ill),deváté vydání,
244,245,,část knihy,244,celé dílo,překlad,,,I osa Rintaman takana,,Osudy dobrého vojáka Švejka za světové války - V zázemí,,,,,,,,,,,,,
245,246,,část knihy,244,celé dílo,překlad,,,II osa Matkalla rintamalle,,Osudy dobrého vojáka Švejka za světové války - Na frontě,,,,,,,,,,,,,
246,247,005497807,kniha,,souborné dílo,překlad,,"Hašek, Jaroslav (jk01040097)",Kunnon sotamies Švejkin seikkailut maailmansodassa III-IV,,originál neexistuje,fin,cze,,,Helsinki (Finsko): Kansankulttuuri Oy,,,404.0,1979.0,951-615-275-9,Marja Helin (trl) § Tuure Lehén (trl) § Elvi Sinervo (trl) § Josef Lada (ill),deváté vydání,
247,248,,část knihy,247,celé dílo,překlad,,,III osa Kunniakas selkäsauna,,Osudy dobrého vojáka Švejka za světové války - Slavný výprask,,,,,,,,,,,,,
248,249,,část knihy,247,celé dílo,překlad,,,IV osa Kunniakkaan selkäsaunan jatkoa,,Osudy dobrého vojáka Švejka za světové války - Pokračování slavného výprasku,,,,,,,,,,,,,
249,250,005353869,kniha,,souborné dílo,překlad,,"Hašek, Jaroslav (jk01040097)",Kunnon sotamies Švejk maailmansodassa ,,originál neexistuje,fin,cze,,,Helsinki (Finsko): Kustannus Osakeyhtiö Orient Express,,,760.0,1991.0,951-615-792-0,Eero Balk (trl) § Josef Lada (ill),,
250,251,,část knihy,250,celé dílo,překlad,,,Osa I Selustassa,,Osudy dobrého vojáka Švejka za světové války - V zázemí,,,,,,,,,,,,,
251,252,,část knihy,250,celé dílo,překlad,,,Osa II Rintamalla,,Osudy dobrého vojáka Švejka za světové války - Na frontě,,,,,,,,,,,,,
252,253,,část knihy,250,celé dílo,překlad,,,Osa III Maineikas selkäsauna,,Osudy dobrého vojáka Švejka za světové války - Slavný výprask,,,,,,,,,,,,,
253,254,,část knihy,250,celé dílo,překlad,,,Osa IV Maineikkaan selkäsaunan jatkoa,,Osudy dobrého vojáka Švejka za světové války - Pokračování slavného výprasku,,,,,,,,,,,,,
254,255,	000221346,kniha,,souborné dílo,překlad,,,Kunnon sotamies Švejk maailmansodassa ,,originál neexistuje,fin,cze,,,Helsinki (Finsko): Kustannusosakeyhtiö Tammi,,,760.0,1997.0,951-31-1117-2,Eero Balk (trl) § Josef Lada (ill),druhé vydání překladu Eera Balka,
255,256,,část knihy,255,celé dílo,překlad,,,Osa I Selustassa,,Osudy dobrého vojáka Švejka za světové války - V zázemí,,,,,,,,,,,,,
256,257,,část knihy,255,celé dílo,překlad,,,Osa II Rintamalla,,Osudy dobrého vojáka Švejka za světové války - Na frontě,,,,,,,,,,,,,
257,258,,část knihy,255,celé dílo,překlad,,,Osa III Maineikas selkäsauna,,Osudy dobrého vojáka Švejka za světové války - Slavný výprask,,,,,,,,,,,,,
258,259,,část knihy,255,celé dílo,překlad,,,Osa IV Maineikkaan selkäsaunan jatkoa,,Osudy dobrého vojáka Švejka za světové války - Pokračování slavného výprasku,,,,,,,,,,,,,
259,260,	003344172,kniha,,souborné dílo,překlad,,"Hašek, Jaroslav (jk01040097)",Kunnon sotamies Švejk maailmansodassa ,,originál neexistuje,fin,cze,,,Helsinki (Finsko): Kustannusosakeyhtiö Tammi,,,760.0,2002.0,951-31-2676-5,Eero Balk (trl) § Josef Lada (ill),páté vydání překladu Eera Balka,
260,261,,část knihy,260,celé dílo,překlad,,,Osa I Selustassa,,Osudy dobrého vojáka Švejka za světové války - V zázemí,,,,,,,,,,,,,
261,262,,část knihy,260,celé dílo,překlad,,,Osa II Rintamalla,,Osudy dobrého vojáka Švejka za světové války - Na frontě,,,,,,,,,,,,,
262,263,,část knihy,260,celé dílo,překlad,,,Osa III Maineikas selkäsauna,,Osudy dobrého vojáka Švejka za světové války - Slavný výprask,,,,,,,,,,,,,
263,264,,část knihy,260,celé dílo,překlad,,,Osa IV Maineikkaan selkäsaunan jatkoa,,,,,,,,,,,,,,,
264,265,006443853,kniha,,souborné dílo,překlad,,"Hašek, Jaroslav (jk01040097)",Kunnon sotamies Švejk maailmansodassa ,,originál neexistuje,fin,cze,,,Helsinki (Finsko): Kustannusosakeyhtiö Tammi,,,760.0,2013.0,978-951-31-7663-1,Eero Balk (trl) § Josef Lada (ill),šesté vydání překladu Eera Balka,
265,266,,část knihy,265,celé dílo,překlad,,,Osa I Selustassa,,Osudy dobrého vojáka Švejka za světové války - V zázemí,,,,,,,,,,,,,
266,267,,část knihy,265,celé dílo,překlad,,,Osa II Rintamalla,,Osudy dobrého vojáka Švejka za světové války - Na frontě,,,,,,,,,,,,,
267,268,,část knihy,265,celé dílo,překlad,,,Osa III Maineikas selkäsauna,,Osudy dobrého vojáka Švejka za světové války - Slavný výprask,,,,,,,,,,,,,
268,269,,část knihy,265,celé dílo,překlad,,,Osa IV Maineikkaan selkäsaunan jatkoa,,Osudy dobrého vojáka Švejka za světové války - Pokračování slavného výprasku,,,,,,,,,,,,,
269,270,000413985,kniha,,celé dílo,překlad,,"Klíma, Ladislav (jk01060531)",Ruhtinas Sternenhochin kärsimykset,,Utrpení knížete Sternenhocha ,fin,cze,,,Helsinki (Finsko): Like ,,,237.0,1994.0,951-578-207-4,Markku Tuiskula (trl),,
270,271,000718858,kniha,,celé dílo,překlad,,"Šoltész, Pavel (jk01130739)",Maanantaisin suljettu,,Zavírací den,fin,cze,,,Helsinki (Finsko): Kustannus Oy Taifuuni,Myrskyn merkki  ; pořadí neuvedeno,,285.0,1992.0,951-615-002-7,Eero Balk (trl),,
271,272,003092340,kniha,,celé dílo,překlad,,"Škvorecký, Josef (jk01130413)",Luutnantti Borůvkan murheet,,Smutek poručíka Borůvky,fin,cze,,,Juva (Finsko): Werner Söderström Osakeyhtiö, Sapo ; 272,,323.0,1982.0,951-0-11171-6,Kirsti Siraste (trl),,
272,273,003236093,kniha,,celé dílo,překlad,,"Čapek, Karel (jk01021023)",Kotiinpaluu (Hordubal),Romaani,Hordubal,fin,cze,,,Porvoo (Finsko): Werner Söderström Osakeyhtiö,,,205.0,1937.0,,Reino Silvanto (trl),,
273,274,005412728,kniha,,celé dílo,překlad,,"Kundera, Milan (jk01070894)",Olemisen sietämätön keveys,,Nesnesitelná lehkost bytí,fin,cze,,,Juva (Finsko): Werner Söderström Osakeyhtiö,,,390.0,1985.0,951-0-13075-3,Kirsti Siraste (trl) § Jan Blomstedt (aui),,
274,275,000396007,kniha,,celé dílo,překlad,,,Uutta tšekkiläistä lasia / New Czech glass,Professori Stanislav Libenskýn oppilaita / Pupils of professor Stanislav Libenský,,fin,cze,,,Riihimäki (Finsko): Suomen lasimuseo,,,68.0,1988.0,951-99928-3-9,Lieko Zachovalová (trl) § Sylva Petrová (edt),,dvojjazyčný katalog výstavy
275,276,,část knihy,275,celé dílo,překlad,,"Libenský, Stanislav (jn19990009915)",Esipuhe / Introduction,,,,,,,,,,,,,,,
276,277,,část knihy,275,celé dílo,překlad,,"Hlava, Pavel (jo2003163281)",Taide ja teollisuus / Art and industry,,,,,,,,,,,,,,,
277,278,,část knihy,275,celé dílo,překlad,,"Petrová, Sylva (jk01092827)",Lasitaiteen vaiheita / The history of art glass,,,,,,,,,,,,,,,
278,279,018761293,kniha,,celé dílo,překlad,,"Mornštajnová, Alena (ola2007364886)",Hana,,Hana,fin,cze,,,Helsinki (Finsko): Kustannusosakeyhtiö Kairaamo,,,350.0,2023.0,978-952-65206-0-5 ,Susanna Räty (trl),,podpořeno Ministerstvem kultury ČR
279,280,016873045,kniha,,celé dílo,adaptace,libreto,"Čapek, Karel (jk01021023) § Čapek, Josef § Kalevi Aho",Hyönteiselämää,Libretto Kalevi Ahon kaksinäytoksiseen oopperaan,Ze života hmyzu,fin,cze,,,Helsinki (Finsko): Suomen Kansallisooppera,,,31.0,1996.0,,,,
280,281,014705854,kniha,,celé dílo,překlad,,"Sirovátka, Oldřich (jk01111353) § Lužík, R.",Kodin satuaarteet 3,"Kissa viirusilmä, slaavilaisia satuja",,fin,cze,ger,,(Finsko): Weilin+Göös,Kodin satuaarteet ; 3,,235.0,1987.0,,Ullamari Kellomäki (trl) § Mária Želibská (ill),951-35-3957-1 (celá série?)/ 951-35-3960-1 (tento díl),neuveden název německého překladu
281,282,,část knihy,281,celé dílo,,,,"Prinsessa, joka aina vain itki",,,,,,,,,,,,,,,
282,283,,část knihy,281,celé dílo,,,,Kolme kalastajanpoikaa (puolalainen satu),,,,,,,,,,,,,,,
283,284,,část knihy,281,celé dílo,,,,"Sepäntytär, joka osasi vaieta (slovakialainen satu)",,,,,,,,,,,,,,,
284,285,,část knihy,281,celé dílo,,,,"Hongankolistaja, Paksukainen ja Teräväsilmä (tšekkiläinen satu)",,"Dlouhý, Široký a Bystrozraký?",,,,,,,,,,,,,
285,286,,"
část knihy",281,celé dílo,,,,Tyttö ja paholainen (tšekkiläinen satu),,Čert a Káča?,,,,,,,,,,,,,
286,287,,část knihy,281,celé dílo,,,,Kuinka rengistä tuli herra (puolalainen saru),,,,,,,,,,,,,,,
287,288,,část knihy,281,celé dílo,,,,Lehmännahka (puolalainen saru),,,,,,,,,,,,,,,
288,289,,část knihy,281,celé dílo,,,,Ukko Tietäväisen kolme kultaista hiusta (tšekkiläinen satu),,Tři zlaté vlasy děda Vševěda,,,,,,,,,,,,,
289,290,,část knihy,281,celé dílo,,,,Soiva lehmus (sorbilainen satu),,,,,,,,,,,,,,,
290,291,,část knihy,281,celé dílo,,,,Kaksitoista kuukautta (slovakialainen satu),,Dvanáct měsíčků?,,,,,,,,,,,,,
291,292,,část knihy,281,celé dílo,,,,Paholainen renkinä (slovakialainen satu),,,,,,,,,,,,,,,
292,293,,část knihy,281,celé dílo,,,,Sitten prinsessa kuivasi kyyneleensä,,,,,,,,,,,,,,,
293,294,,část knihy,281,celé dílo,,,,Kissa Viirusilmä (venäläinen satu),,,,,,,,,,,,,,,
294,295,,část knihy,281,celé dílo,,,,Hajamielinen Josef (ukrainalainen satu),,,,,,,,,,,,,,,
295,296,,část knihy,281,celé dílo,,,,Ivan ja taikahevonen (venäläinen satu),,,,,,,,,,,,,,,
296,297,,část knihy,281,celé dílo,,,,Taikuri Hohhoi (ukrainalainen satu),,,,,,,,,,,,,,,
297,298,,část knihy,281,celé dílo,,,,Kolja ja Merenhaltijan tytär (venäläinen satu),,,,,,,,,,,,,,,
298,299,,část knihy,281,celé dílo,,,,Ivan Kananjalka (venäläinen satu),,,,,,,,,,,,,,,
299,300,,část knihy,281,celé dílo,,,,Ukko Grigorin kepposet (ukrainalainen satu),,,,,,,,,,,,,,,
300,301,,část knihy,281,celé dílo,,,,Sepän sadut saivat prinsessan hymyilemään ,,,,,,,,,,,,,,,
301,302,,část knihy,281,celé dílo,,,,Hyväsydäminen tsaarinpoika (bulgarialainen satu),,,,,,,,,,,,,,,
302,303,,část knihy,281,celé dílo,,,,Nokkela prinsessa ja köyhä nuorukainen (slovenialainen satu),,,,,,,,,,,,,,,
303,304,,část knihy,281,celé dílo,,,,Susiveljekset (kroatialainen satu),,,,,,,,,,,,,,,
304,305,,část knihy,281,celé dílo,,,,Avuliaat eläimet (bulgarialainen satu),,,,,,,,,,,,,,,
305,306,,část knihy,281,celé dílo,,,,Kettu on aina kettu (makedonialainen satu),,,,,,,,,,,,,,,
306,307,,část knihy,281,celé dílo,,,,Maitoparta ja tyhmät jättiläiset (serbialainen satu),,,,,,,,,,,,,,,
307,308,,část knihy,281,celé dílo,,,,Ihmeellinen kala (slovenialainen satu),,,,,,,,,,,,,,,
308,309,,část knihy,281,celé dílo,,,,Kuinka Ero petkutti turkkilaisia (serbialainen satu),,,,,,,,,,,,,,,
309,310,,část knihy,281,celé dílo,,,,Ja lopulta prinsessa nauroi,,,,,,,,,,,,,,,
310,311,000735615,kniha,,celé dílo,překlad,,"Denk, Petr (jk01022207)",Nikkar-Tikkarin mäellä,,Do kola - zlatý povijan,fin,cze,,,(Finsko): Werner Söderström Osakeyhtiö,,,,1960.0,,Kirsi Kunnas (trl) § Adolf Zábranský (ill),nemá číslované strany,výběr z českých lidových básní poskytnutých Petrem Denkem
311,312,000671184,kniha,,antologie,,,"Čechura, Rudolf (jk01021177) §  Macourek, Miloš (jk01072813) § Bradáč, František § Vyskočil, Ivan (jk01151228) §  Krumbachová, Ester (jk01063545) §  Mikulka, Alois (jk01081647) §  Sekyrková, Hana (jk01022763) § Hejná, Olga (jk01040577) § Borská, Ilona (jk01012697) § Vostrá, Alena (jk01150760) §  Franková, Hermína (jk01031754) § Čtvrtek, Václav (jk01021929) §  Aškenazy, Ludvík (jk01010398) § Štuka, Ivo (jk01131550)",Satukaruselli,,originál neexistuje,fin,cze,ger,Märchenkarussell: Anthologie moderner tschechischer Märchen,Helsinki (Finsko): Weilin+Göös,,,213.0,1968.0,,Kaija Pakkanen (trl) § Václav Sivko (ill),,
312,313,,část knihy,312,celé dílo,,,"Čechura, Rudolf (jk01021177)",Vastahakoinen Eeva,,,,,,,,,,,,,,,
313,314,,část knihy,312,celé dílo,,,"Macourek, Miloš (jk01072813)",Heikki joka lihoi lihomistaan,,,,,,,,,,,,,,,
314,315,,část knihy,000312,celé dílo,,,"Bradáč, František",Eiperiksi,,,,,,,,,,,,,,,
315,316,,část knihy,000312,celé dílo,,,"Macourek, Miloš (jk01072813)",Susanna ja kirjaimet,,,,,,,,,,,,,,,
316,317,,část knihy,000312,celé dílo,,,"Vyskočil, Ivan (jk01151228) ",Seikkailu ruohikossa,,,,,,,,,,,,,,,
317,318,,část knihy,000312,celé dílo,,,"Krumbachová, Ester (jk01063545)","Susanna, flamingo ja unijukka",,,,,,,,,,,,,,,
318,319,,část knihy,000312,celé dílo,,,"Macourek, Miloš (jk01072813)",Virtahepo joka pelkäsi rokottamista,,,,,,,,,,,,,,,
319,320,,část knihy,000312,celé dílo,,,"Krumbachová, Ester (jk01063545)",Satu makaronista ja sateenvarjosta,,,,,,,,,,,,,,,
320,321,,část knihy,312,celé dílo,,,"Mikulka, Alois (jk01081647)",Klingelingauto ja pyrstötähti,,,,,,,,,,,,,,,
321,322,,část knihy,000312,celé dílo,,,"Macourek, Miloš (jk01072813)",Joonas joka ei pitänyt kalasta ,,,,,,,,,,,,,,,
322,323,,část knihy,000312,celé dílo,,,"Mikulka, Alois (jk01081647)",Lastentarha merellä,,,,,,,,,,,,,,,
323,324,,část knihy,000312,celé dílo,,,"Sekyrková, Hana (jk01022763) ",Aasi joka halusi palmikon,,,,,,,,,,,,,,,
324,325,,část knihy,000312,celé dílo,,,"Krumbachová, Ester (jk01063545)",Ihmeellinen ikkuna,,,,,,,,,,,,,,,
325,326,,část knihy,000312,celé dílo,,,"Macourek, Miloš (jk01072813)",Mistä aurinko saa sateenkaaren värit,,,,,,,,,,,,,,,
326,327,,část knihy,000312,celé dílo,,,"Hejná, Olga (jk01040577)",Hassujen päähänpistojen maa,,,,,,,,,,,,,,,
327,328,,část knihy,000312,celé dílo,,,"Mikulka, Alois (jk01081647)",Kun omenamato oli upottaa laivan,,,,,,,,,,,,,,,
328,329,,část knihy,000312,celé dílo,,,"Borská, Ilona (jk01012697) ",Vihreä satu taikuri Burnubiristä,,,,,,,,,,,,,,,
329,330,,část knihy,000312,celé dílo,,,"Mikulka, Alois (jk01081647)",Apina Bububu ja tiikeri Pantepante,,,,,,,,,,,,,,,
330,331,,část knihy,000312,celé dílo,,,"Vostrá, Alena (jk01150760)",Oli kerran kameli,,,,,,,,,,,,,,,
331,332,,část knihy,000312,celé dílo,,,"Franková, Hermína (jk01031754)",Uimaopettaja ja sardiinit,,,,,,,,,,,,,,,
332,333,,část knihy,000312,celé dílo,,,"Mikulka, Alois (jk01081647)",Tiikeri joka uneksi vapaudesta,,,,,,,,,,,,,,,
333,334,,část knihy,000312,celé dílo,,,"Vostrá, Alena (jk01150760)",Kirahvi Elisabet ja virtahepo Sebastian,,,,,,,,,,,,,,,
334,335,,část knihy,000312,celé dílo,,,"Mikulka, Alois (jk01081647)",Satu meidän mirrille,,,,,,,,,,,,,,,
335,336,,část knihy,000312,celé dílo,,,"Mikulka, Alois (jk01081647)",Noitaluuta,,,,,,,,,,,,,,,
336,337,,část knihy,000312,celé dílo,,,"Mikulka, Alois (jk01081647)",Vesiprinsessa,,,,,,,,,,,,,,,
337,338,,část knihy,000312,celé dílo,,,"Čtvrtek, Václav (jk01021929)",Taikalasi,,,,,,,,,,,,,,,
338,339,,část knihy,000312,celé dílo,,,"Hejná, Olga (jk01040577)",Pekka ja pyrstötähti,,,,,,,,,,,,,,,
339,340,,část knihy,000312,celé dílo,,,"Čtvrtek, Václav (jk01021929)",Meidän talon villevahti,,,,,,,,,,,,,,,
340,341,,část knihy,000312,celé dílo,,,"Sekyrková, Hana (jk01022763)",Purppuravene,,,,,,,,,,,,,,,
341,342,,část knihy,000312,celé dílo,,,"Mikulka, Alois (jk01081647)",Kuu ja kamelilapsi,,,,,,,,,,,,,,,
342,343,,část knihy,000312,celé dílo,,,"Sekyrková, Hana (jk01022763)",Röyhkeä hattu,,,,,,,,,,,,,,,
343,344,,část knihy,000312,celé dílo,,,"Macourek, Miloš (jk01072813)",Jaakko ja kaksisataa isoisää,,,,,,,,,,,,,,,
344,345,,část knihy,000312,celé dílo,,,"Aškenazy, Ludvík (jk01010398)",Lepakko,,,,,,,,,,,,,,,
345,346,,část knihy,000312,celé dílo,,,"Aškenazy, Ludvík (jk01010398)",Maalatut salamat,,,,,,,,,,,,,,,
346,347,,část knihy,000312,celé dílo,,,"Mikulka, Alois (jk01081647)",Kummitus ja poliisi,,,,,,,,,,,,,,,
347,348,,část knihy,000312,celé dílo,,,"Macourek, Miloš (jk01072813)",Mitä todistuksen viitoset voivat saada aikaan,,,,,,,,,,,,,,,
348,349,,část knihy,000312,celé dílo,,,"Aškenazy, Ludvík (jk01010398)",Taivaanvuohet ja säveltäjä cismolli,,,,,,,,,,,,,,,
349,350,,část knihy,000312,celé dílo,,,"Mikulka, Alois (jk01081647)",Pilkullinen postimerkki,,,,,,,,,,,,,,,
350,351,,část knihy,000312,celé dílo,,,"Aškenazy, Ludvík (jk01010398)",Kuollut sähkölamppu,,,,,,,,,,,,,,,
351,352,,část knihy,000312,celé dílo,,,"Macourek, Miloš (jk01072813)",Kuinka valkosta tuli laskennonopettaja,,,,,,,,,,,,,,,
352,353,,část knihy,000312,celé dílo,,,"Štuka, Ivo (jk01131550)",Kultainen satu kultakala Eemilistä,,,,,,,,,,,,,,,
353,354,,část knihy,000312,celé dílo,,,"Sekyrková, Hana (jk01022763)",Surullinen kuu,,,,,,,,,,,,,,,
354,355,,část knihy,000312,celé dílo,,,"Franková, Hermína (jk01031754)",Tiedemies,,,,,,,,,,,,,,,
355,356,,část knihy,000312,celé dílo,,,"Vyskočil, Ivan (jk01151228) ",Satu anssista ja saippuapalloista,,,,,,,,,,,,,,,
356,357,,část knihy,000312,celé dílo,,,"Sekyrková, Hana (jk01022763)",Satu unesta,,,,,,,,,,,,,,,
357,358,,část knihy,000312,celé dílo,,,"Sekyrková, Hana (jk01022763)",Silmälasit,,,,,,,,,,,,,,,
358,359,010856664,kniha,,antologie,,,,Satu ystävältä,,Satu ystävältä,fin,,,,Helsinki (Finsko): Opetushallitus,,,93.0,2003.0,951-719-662-8,Riikka Juvonen (ill) § Anna Liisa Salmela (edt),,
359,360,,část knihy,000359,celé dílo,,,"Muková, Ivana (mzk2004148506)",Tsekkiläinen satu - Miten tsekkiläinen Honza oppi salaista kieltä ,,Česká pohádka - Jak se český Honza učil tajné řeči,fin,cze,,,,,,,,,,dvoujazyčné vydání,
360,361,003241939,kniha ,,antologie,,,,Aarteiden kirja V. Nooan arkki,,Min skattkammare,fin,swe,,,Porvoo (Finsko): Werner Söderström Osakeyhtiö,Aarteiden kirja ; 5,,175.0,1957.0,951-0-04182-3,"Kirsi Kunnas (edt, trl) § Annie Löfstedt (edt) § Barbro Svinhufvud (edt) § Roland Hentzel (edt) § Helena Anhava (trl) § Kristiina Kivivuori (trl)",,
361,362,,část knihy,000361,celé dílo,překlad,,"Čapek, Karel (jk01021023)",Lintusatu,,,fin,cze,,,,,,,,,Kirsi Kunnas (trl),,
362,363,011195044,kniha ,,antologie,,,,Ratavartijan näky ja muita kuuluisia kertomuksia,,,fin,,,,Porvoo (Finsko): Werner Söderström Osakeyhtiö, Nuorten novellisto ; 2 ,,256.0,1965.0,,Kerttu Manninen (edt) § Pentti Lehto (ill),,
363,364,011278721,část knihy,000363,celé dílo,překlad,,"Čapek, Karel (jk01021023)",Rikos maalaispostissa,,,fin,cze,,,,,,,,,Eila Kivikkaho (trl),,
364,365,	018050857,kniha,,antologie,,,,Slaavilaisten kirjallisuuksien kultainen kirja,,,fin,,,,Porvoo (Finsko): Werner Söderström Osakeyhtiö,Maailmankirjallisuuden kultainen kirja ; 5,,917.0,1936.0,,"V. K. Trast (edt, trl)",,
365,366,,část knihy,000365,celé dílo,překlad,,"Erben, Karel  Jaromír (jk01030532)",Paju,,Vrba,fin,cze,,,,,,,,,V. K. Trast (trl),,
366,367,,část knihy,000365,úryvek,překlad,,"Němcová, Božena (jk01083016)",Viktorka,,Babička,fin,cze,,,,,,,,,V. K. Trast (trl),,
367,368,,část knihy,000365,celé dílo,překlad,,"Neruda, Jan (jk01083209)",Lapsiballadi,,,,,,,,,,,,,V. K. Trast (trl),,
368,369,,část knihy,000365,celé dílo,překlad,,"Neruda, Jan (jk01083209)",Joulukehtolaulu,,,,,,,,,,,,,V. K. Trast (trl),,
369,370,,část knihy,365,celé dílo,překlad,,"Neruda, Jan (jk01083209)",Nai maamme tänään,,,,,,,,,,,,,V. K. Trast (trl),,
370,371,,část knihy,000365,celé dílo,překlad,,"Neruda, Jan (jk01083209)",Minä pelästyin,,,,,,,,,,,,,V. K. Trast (trl),,
371,372,,část knihy,000365,celé dílo,překlad,,"Neruda, Jan (jk01083209)",Kalkin maassa,,,,,,,,,,,,,V. K. Trast (trl),,
372,373,,část knihy,000365,celé dílo,překlad,,"Neruda, Jan (jk01083209)",Kolme Liljaa,,U tří lilií,,,,,,,,,,,V. K. Trast (trl),,
373,374,,část knihy,000365,celé dílo,překlad,,"Neruda, Jan (jk01083209)",Herra Ryšánek ja herra Schlegl,,Pan Ryšánek a pan Schlegl,,,,,,,,,,,V. K. Trast (trl),,
374,375,,část knihy,000365,celé dílo,překlad,,"Březina, Otokar (jk01020045)",Aika ,,,,,,,,,,,,,V. K. Trast (trl),,
375,376,,část knihy,000365,úryvek,překlad,,"Světlá, Karolina (jk01121895)",Podhajskýt,,Kantůrčice,,,,,,,,,,,V. Kiparsky (trl),,
376,377,,část knihy,000365,celé dílo,překlad,,"Čech, Svatopluk (jk01021137)",Omenapuu,,,,,,,,,,,,,V. Kiparsky (trl),,
377,378,,část knihy,000365,úryvek,překlad,,"Vrchlický, Jaroslav (jk01151037)",Kanan takia,,Dům U tonoucí hvězdy,,,,,,,,,,,V. Kiparsky (trl),,
378,379,,část knihy,000365,celé dílo,překlad,,"Zeyer, Julius (jk01152552)",Hullujen koppi,,,,,,,,,,,,,V. K. Trast (trl),,
379,380,,část knihy,000365,úryvek,překlad,,"Holeček, Josef (jk01041699)",Luja kristitty,,Naši,,,,,,,,,,,V. K. Trast (trl),,
380,381,,část knihy,000365,celé dílo,překlad,,"Bezruč, Petr (jk01011993)",Hanalainen kylä,,,,,,,,,,,,,V. K. Trast (trl),,
381,382,,část knihy,000365,celé dílo,překlad,,"Bezruč, Petr (jk01011993)",Ken sijaani astuu?,,Kdo na moje místo?,,,,,,,,,,,V. Kiparsky (trl),,
382,383,,část knihy,000365,úryvek,překlad,,"Jirásek, Alois (jk01051816)",Chodin vapaustaistelijat,,Psohlavci,,,,,,,,,,,V. K. Trast (trl),,
383,384,,část knihy,365,celé dílo,překlad,,"Březina, Otokar (jk01020045)",Voimmakkaitten viini,,Víno silných,,,,,,,,,,,V. K. Trast (trl),,
384,385,,část knihy,000365,celé dílo,překlad,,"Březina, Otokar (jk01020045)",Kasvien maailma,,,,,,,,,,,,,V. K. Trast (trl),,
385,386,,část knihy,000365,celé dílo,překlad,,"Theer, Otakar (jk01132330)",Epäkelpo,,,,,,,,,,,,,V. Kiparsky (trl),,
386,387,,část knihy,000365,úryvek,překlad,,"Čapek, Karel (jk01021023)",R. U. R.,,,,,,,,,,,,,Jalo Kalima (trl),,
387,388,,část knihy,000365,úryvek,překlad,,"Dyk, Viktor (jk01030247)",Fridolín Kocourekin vihamiehet,,,,,,,,,,,,,V. Kiparsky (trl),,
388,389,,část knihy,000365,úryvek,překlad,,"Hašek, Jaroslav (jk01040097)",Uljaan soturin Švejkin vaiheet maailmansodan aikana,,Osudy dobrého vojáka Švejka za světové války - Na frontě,,,,,,,,,,,V. K. Trast (trl),,
389,390,,kniha,,antologie,,,,"Kahdestoista ""Hyvää yötä!""",Hetki leipoa kunnes nukutte,,fin,,,,Hämeenlinna (Finsko): Arvi A. Karisto Osakeyhtiö ,,,225.0,1961.0,,Martti Qvist (edt),,
390,391,,část knihy,000390,celé dílo,překlad,,"Čapek, Karel (jk01021023)",Siunattu toukokuu,,,fin,cze,,,,,,,,,Toivo Kalervo (trl),,
391,392,	000733385,kniha,,celé dílo,překlad,,"Hašek, Jaroslav (jk01040097)",Kunnon sotamies Švejkin seikkailut maailmansodassa I-II,,"Osudy dobrého vojáka Švejka za světové války - V zázemí, Na frontě ",fin,cze,,,Helsinki (Finsko): Kansankulttuuri Oy,,,569.0,1959.0,,Marja Helin (trl) § Tuure Lehén (trl) § Elvi Sinervo (trl) § Josef Lada (ill),šesté vydání,
392,393,000956440,kniha,,celé dílo,překlad,,"Neruda, Jan (jk01083209)",Prahalaistarinoita,,Povídky malostranské,fin,cze,,,Helsinki (Finsko): Like ,Like pokkari ; 64,,294.0,2005.0,952-471-551-1,"Eero Balk (trl, cwt)",podpořeno Ministerstvem kultury ČR,
393,394,007050148,kniha,,celé dílo,překlad,,"Čapek, Karel (jk01021023)",,,Zahradníkův rok,fin,cze,,,Helsinki (Finsko): Basam Books Oy,,,208.0,2015.0,978-952-260-420-0,Eero Balk (trl) § Josef Čapek (ill),,
394,395,	005242246,kniha,,celé dílo,překlad,,"Janáček, Leoš (jk01050745)",Katja Kabanova,,Káťa Kabanová,fin,cze,,,Helsinki (Finsko): Kansallisooppera,,,43.0,2003.0,,Mari Rautio (trl),dvojjazyčné vydání,libreto
395,396,	000624514,kniha,,celé dílo,překlad,,"Smetana, Bedřich (jk01120043) § Sabina, Karel (jk01110239)",Myyty morsian,,Prodaná nevěsta,fin,cze,,,Kuopio (Finsko): Kuopion oopperayhdistys,,,28.0,1984.0,,Tarja Svärd-Ylitalo (trl) § Jussi Törnwall (trl),,libreto
396,397,	005516739,kniha,,celé dílo,překlad,,"Vaculík, Ludvík (jk01141068)",Marsut,,Morčata,fin,cze,,,Helsinki (Finsko): Kustannusosakeyhtiö Tammi,Keltainen kirjasto ; 136,,195.0,1977.0,951-30-4002-X / 951-30_4003-8 ,Kirsti Siraste (trl),,
397,398,003328398,kniha,,celé dílo,překlad,,"Rudolf, Stanislav (jk01103025)",Päivänkakkaroita linnanneidille,,Kopretiny pro zámeckou paní ,fin,cze,,,Helsinki (Finsko): Kustannusosakeyhtiö Tammi,Tam tam kirjat ; 59,,150.0,1975.0,951-30-3470-4,Kirsti Siraste (trl),,
398,399,	003328396,kniha,,celé dílo,překlad,,"Rudolf, Stanislav (jk01103025)",Hellästi virkattu aika,,Něžně háčkovaný čas,fin,cze,,,Helsinki (Finsko): Kustannusosakeyhtiö Tammi,Tam tam kirjat ; 76,,176.0,1978.0,951-30-4525-0,Kirsti Siraste (trl),,
399,400,	011526370,kniha,,celé dílo,překlad,,"Klíma, Ladislav (jk01060531)",Loistava Nemesis,,Slavná Nemesis,fin,cze,,,Helsinki (Finsko): Like ,,,124.0,1999.0,951-578-510-3,Markku Tuiskula (trl),,
400,401,	000775760,kniha,,celé dílo,překlad,,"Sekora, Ondřej (jk01110710)",Pelle Muurahainen,,Ferda Mravenec,fin,cze,swe,,Porvoo (Finsko): Werner Söderström Osakeyhtiö,,,69.0,1951.0,,Hedi Järvenpää (trl),,není uveden název švédského překladu
401,402,004531414,kniha,,celé dílo,překlad,,"Stankovský, VI § Vladislav J.",Pikku Lassi ja Repolainen,Tšekkiläinen satu,Liška a Smolíček,fin,cze,ger,,(Finsko): Kansankulttuuri Oy,,,,1973.0,951-615-036-5,Marja Lallo (trl) § Ingeborg Meyer-Rey (ill),,"nemá číslované strany, není uveden název německého překladu"
402,403,	000743010,kniha,,celé dílo,překlad,,"Novák, J.Z. (jk01090423)",Jänö joka tahtoi luistella jäällä,,Jak se zajíček chtěl klouzat,fin,cze,,,Helsinki (Finsko): Kansankulttuuri Oy,,,,1964.0,,Elvi Sinervo (trl) § Josef Kábrt (ill),,nemá číslované strany
403,404,	001650809,kniha,,celé dílo,překlad,,"Lukešová, Milena (jk01072640)",Janne ja ensi lumi,,Bílá zima,fin,cze,,,Helsinki (Finsko): Kansankulttuuri Oy,,,,1981.0,951-615-241-4,Aila Apell (trl) § Jan Kudláček (ill),,nemá číslované strany
404,405,001650801,kniha,,celé dílo,překlad,,"Lukešová, Milena (jk01072640)",Tyttö ja sade,,Holčička a déšť,fin,cze,,,Helsinki (Finsko): Kansankulttuuri Oy,,,,1979.0,951-615-186-8,Aila Apell (trl) § Jan Kudláček (ill),,nemá číslované strany
405,406,000745440,kniha,,celé dílo,překlad,,"Vančura, Vladislav (jk01141424)",Nalle-Kalle ja hänen karhunsa Kallen-Nalle,,Kubula a Kuba Kubikula,fin,cze,,,Helsinki (Finsko): Kansankulttuuri Oy,,,126.0,1963.0,,Elvi Sinervo (trl) § Zdeněk Miler (ill),,
406,407,011538894,kniha,,celé dílo,překlad,,"Hrubín, František (jk01042920) § James Reeves",Vuokko ja talvinoita,František Hrubínin sadun mukaan kertonut James Reeves ,originál neexistuje,fin,cze,,,Helsinki (Finsko): Kansankulttuuri Oy,,,52.0,1966.0,,Marja Lallo (trl) § Jiří Trnka (ill),,
407,408,005800064,kniha,,celé dílo,překlad,,"Anděra, Miloš (jk01010263)",Euroopan luonto,,Encyklopedie evropské přírody,fin,cze,"slo, ger",,(Finsko): h.f. Ullmann,,,240.0,2008.0,978-3-8331-4735-7,Pirkko Roinila (trl) § Pavel Procházka (ill) § Jan Hošek (ill) § Jiří Hajný (ill) § Tomáš Řízek (ill),,neuvedeny názvy překladů
408,409,"
  	003316302",kniha,,celé dílo,překlad,,"Provazníková, Věra (jk01101403)",Lukemista lapsilla,,,fin,cze,ger,Für die Kinder,(Finsko): Weilin+Göös,,,47.0,1981.0,951-335-2142-7,Kaarina Helakisa (trl) § Josef Lada (ill),,
409,410,005358183,kniha,,celé dílo,překlad,,"Svatopluk, T. (jk01121858)",Liukuhihna ei odota,,Botostroj,fin,cze,,,Helsinki (Finsko): Kansankulttuuri Oy,,,284.0,1956.0,,"Annikki Maruna (trl, aui)",,
410,411,000797428,kniha,,celé dílo,překlad,,"Žák, Jaroslav (jk01152975)","""Luokkataistelu"" Kouluihmisistä",,Študáci a kantoři,fin,cze,,,Pori (Finsko): Satakunnan Kirjateollisuus Oy ,,,164.0,1944.0,,Hilkka Hannula (trl) § Kaarina Alava (ill),,
411,412,003328400,kniha,,celé dílo,překlad ,,"Rudolf, Stanislav (jk01103025)",Tyttö kuin punapipuri,,Údolí krásných žab,fin,cze,,,Helsinki (Finsko): Kustannusosakeyhtiö Tammi,Tam tam kirjat ; 70,,171.0,1977.0,951-30-3983-8,Kirsti Siraste (trl),,
412,413,000731243,kniha,,celé dílo,překlad,,"Pelc, Jan (jn99240000862)",Tarinoita aikuisille ,,...a povídky aneb sexuální mizérie a jiné story,fin,cze,,,Helsinki (Finsko): Kustannus Oy Taifuuni,,,176.0,1993.0,951-581-012-4,Eero Balk (trl),,
413,414,,část knihy,413,celé dílo,,,,Tytöilleni,,,,,,,,,,,,,,,
414,415,,část knihy,000413,celé dílo,,,,...ei ole helppoa kellään,,,,,,,,,,,,,,,
415,416,,část knihy,000413,celé dílo,,,,Mengele,,,,,,,,,,,,,,,
416,417,,část knihy,000413,celé dílo,,,,Lyödäänkö vetoa?,,,,,,,,,,,,,,,
417,418,,část knihy,000413,celé dílo,,,,Hetki koiran ja suden välissä ,,,,,,,,,,,,,,,
418,419,,část knihy,000413,celé dílo,,,,"Tuntemattoman tavallisen tšekkikansan tytölle, usein raisulle, joka lähetti minulle kirjan",,,,,,,,,,,,,,,
419,420,,část knihy,000413,celé dílo,,,,Salalokeroita ja neidonhaaveita,,,,,,,,,,,,,,,
420,421,,část knihy,000413,celé dílo,,,,Emigranttitarina,,,,,,,,,,,,,,,
421,422,,část knihy,000413,celé dílo,,,,Kolme kohtaamista,,,,,,,,,,,,,,,
422,423,,část knihy,000413,celé dílo,,,,Herkkä tarina,,,,,,,,,,,,,,,
423,424,,část knihy,000413,celé dílo,,,,"Omat lapsikullat, suloiset ja sametinpehmeät",,,,,,,,,,,,,,,
424,425,,část knihy,000413,celé dílo,,,,Apokalypsi,,,,,,,,,,,,,,,
425,426,006579962,kniha,,celé dílo,překlad,,"Dvořáček, Jaroslav (",Tshekkoslovakia tänään ,Toinen täydennetty painos,,fin,cze,,,Praha (Československo): Orbis,,,49.0,1957.0,D 0563265,Lieko Zachovalová (trl),,
426,427,000751422,kniha,,celé dílo,překlad,,"Dvořáček, Jaroslav (",Tshekkoslovakia tänään ,,,fin,cze,,,Praha (Československo): Orbis,,,,1955.0, D-03219,,neuveden překladatel,nemá číslované strany
427,428,006833795,kniha,, celé dílo,překlad,,"Hašek, Jaroslav (jk01040097)",Kunnon sotamies Shvejkin seikkailut IV. Etulinjoilla,,Osudy dobrého vojáka Švejka za světové války - Pokračování slavného výprasku,fin,cze,rus,,Leningrad (SSSR): Valtion Kustannusliike Kirja ,,,189.0,1936.0,,Jalmari Virtanen (trl) § josef Lada (ill) § Leevi Aalto (ill),,
428,429,000819315,kniha,,celé dílo,překlad,,"Hašek, Jaroslav (jk01040097)",Kunnon sotamies Shvejkin seikkailut maailmansodassa,III. Kunniakas luhistuminen,Osudy dobrého vojáka Švejka za světové války - Slavný výprask,fin,cze,swe,,Helsinki (Finsko): Kirjailijain kustannusliike,,,339.0,1937.0,,Viljo Kajava (trl),neuveden název švédského překladu,
429,430,000817713,kniha,,celé dílo,překlad,,"Čapek, Karel (jk01021023)",Salamanterisota,,Válka s mloky,fin,cze,,,Porvoo (Finsko): Werner Söderström Osakeyhtiö,,,282.0,1938.0,,Reino Silvanto (trl),,
430,431,004764966,kniha,,celé dílo,překlad,,"Petiška, Eduard (jk01092720)",Maailman rikkain varpunen,,O nejbohatším vrabci na světě,fin,cze,,,Helsinki (Finsko): Kansankulttuuri Oy,,,,1964.0,,Liisa Ryömä (trl) § Zdeněk Miler (ill),,nemá číslované strany
431,432,000735723,kniha,,celé dílo,překlad,,"Ludvík, Emil (jk01072546)",Satu omenapuusta,,Jablůňka se zlatými jablky,fin,cze,,,Helsinki (Finsko): Tammi ,Satu-sarja ; [3],,,1962.0,,Jaroslav Moravec § Marjatta Kurenniemi (trl) § František Freiwillig (ill),,nemá číslované strany
432,433,000735365,kniha,,celé dílo,překlad,,"Petiška, Eduard (jk01092720)",Kuinka myyrä sai auton,,Krtek a autíčko,fin,cze,,,Helsinki (Finsko): Tammi ,Satu-sarja ; [ 2],,,1960.0,,Helena Pohjola (trl) § Zdeněk Miler (ill),,nemá číslované strany
433,434,000735362,kniha,,celé dílo,překlad,,"Ludvík, Emil (jk01072546)",Liian ahne kukko,,O kohoutkovi a slepičce,fin,cze,,,Helsinki (Finsko): Tammi ,Satu-sarja ; [4],,,1959.0,,"Zdeněk Miler (edt, ill) § Helena Pohjola (trl)",,nemá číslované strany
434,435,000711957,kniha,,celé dílo,překlad,,"Smetana, Bedřich (jk01120043) § Sabina, Karel (jk01110239)",Myyty morsian,,Prodaná nevěsta,fin,cze,ger,Die verkaufte Braut,Savonlinna (Finsko): Savonlinnan oopperajuhlat,,,35.0,1991.0,,Jussi Törnwall (trl) § Tarja Ylitalo-Svärd (trl),libreto,dvojjazyčné vydání - finsky a německy
435,436,000829042,kniha,,celé dílo,překlad,,"Smetana, Bedřich (jk01120043) § Sabina, Karel (jk01110239)",Myyty morsian,libretto,Prodaná nevěsta,fin,cze,,,Pori (Finsko): Porin ooppera : Porin teatteri : Pori sinfonietta,,,32.0,1995.0,,Jussi Tapola (trl),libreto,
436,437,000715195,kniha,,celé dílo,překlad,,"Janáček, Leoš (jk01050745)",Ovela Kettu eli kettu Visukorvan seikkailuja,Rudolf Těsnohlídekin tarinoiden mukaan,Příhody lišky Bystroušky,fin,cze,,,Lahti (Finsko): Lahden kaupunginteatteri,,,36.0,1990.0,,Kirsti Siraste (trl),,
437,438,000711955,kniha,,celé dílo,překlad,,"Dvořák, Antonín (jn19981000826) § Kvapil, Jaroslav (jk01071151)",Rusalka - tarina vedenneidosta - the story of a naiad ,libretto,Rusalka,fin,cze,,,Savonlinna (Finsko): Savonlinnan oopperajuhlat,,,22.0,1991.0,,Jussi Törnwall (trl),libreto,dvojjazyčné vydání - finsky a anglicky
438,439,000938833,kniha,,celé dílo,překlad,,"Večerková, Eva (ola200205975)",Munia Määristä,,,fin,cze,,,Tampere (Finsko): Tampereen kaupunki,,,,2003.0,951-609-190-3,Eero Balk (trl) § Silvie doleželová (ill) § Jaromir Večerka (ill) § Reetta Lepistö (ill),text k výstavě,nemá číslované strany
439,440,000739830,kniha,,celé dílo,překlad,,"Štochl, Sláva (jk01131447)",Terrin toverit,,,fin,cze,,,Helsinki (Finsko): Tammi,,,87.0,1960.0,,Marjatta Kurenniemi (trl) § Václav Bláha (ill),kniha fotografií zvířat s krátkými komentáři,
440,441,011528017,kniha,,celé dílo,překlad,,"Malík, Jan (jk01073238) § Pavlík, Milan (jk01092126)",Pallo-Puuhakas,,Míček Flíček,fin,cze,,,Helsinki (Finsko): Kansankulttuuri Oy,,,,1968.0,,Marja Lallo (trl) § Helena Zmatlíková (ill),,nemá číslované strany
441,442,000667939,kniha,,celé dílo,překlad,,"Tichý, Jaroslav (jk01132421)",Lentävä matto,Tarinoita Kazahstanista ja Uzbekistanista,Kouzelný koberec,fin,cze,ger,Der fliegende Teppich,Helsinki (Finsko): Weilin+Göös,,,227.0,1970.0,S 2613,Eila Kivikkaho (trl) § Miloslav Troup (ill),,
442,443,,část knihy,442,celé dílo,,,,Kolme veljestä,,,,,,,,,,,,,,,
443,444,,část knihy,442,celé dílo,,,,Varas ja neropatti,,,,,,,,,,,,,,,
444,445,,část knihy,442,celé dílo,,,,Baltekein ratkaisu,,,,,,,,,,,,,,,
445,446,,část knihy,000442,celé dílo,,,,Aulis ja kitupiikki,,,,,,,,,,,,,,,
446,447,,část knihy,000442,celé dílo,,,,Neljäkymmentä valhetta,,,,,,,,,,,,,,,
447,448,,část knihy,000442,celé dílo,,,,Köyhä mies ja kaani,,,,,,,,,,,,,,,
448,449,,část knihy,000442,celé dílo,,,,Nasreddinin kujeet,,,,,,,,,,,,,,,
449,450,,část knihy,000442,celé dílo,,,,Šeikki ryövärinä,,,,,,,,,,,,,,,
450,451,,část knihy,000442,celé dílo,,,,Viisas Ajaz,,,,,,,,,,,,,,,
451,452,,část knihy,000442,celé dílo,,,,Naaraskarhun poika,,,,,,,,,,,,,,,
452,453,,část knihy,000442,celé dílo,,,,Näkymätön varas,,,,,,,,,,,,,,,
453,454,,část knihy,000442,celé dílo,,,,Farhad ja Širin,,,,,,,,,,,,,,,
454,455,,část knihy,000442,celé dílo,,,,Aldar Irvihampaan seikkailuja I,,,,,,,,,,,,,,,
455,456,,část knihy,000442,celé dílo,,,,Kamak ja Mihtar,,,,,,,,,,,,,,,
456,457,,část knihy,000442,celé dílo,,,,Antelias Ahmed,,,,,,,,,,,,,,,
457,458,,část knihy,442,celé dílo,,,,Kun taivaalta tupsahti toinenkin pannukakku,,,,,,,,,,,,,,,
458,459,,část knihy,442,celé dílo,,,,Kultatukka,,,,,,,,,,,,,,,
459,460,,část knihy,442,celé dílo,,,,Palava kivi,,,,,,,,,,,,,,,
460,461,,část knihy,442,celé dílo,,,,Tulpar,,,,,,,,,,,,,,,
461,462,,část knihy,442,celé dílo,,,,Badal,,,,,,,,,,,,,,,
462,463,,část knihy,442,celé dílo,,,,Pöyhkeä emiiri ja hänen tyttärensä,,,,,,,,,,,,,,,
463,464,,část knihy,442,celé dílo,,,,Aldar Irvihampaan seikkailuja II,,,,,,,,,,,,,,,
464,465,002047437,kniha,,celé dílo,překlad,,"Smetana, Bedřich (jk01120043) § Sabina, Karel (jk01110239)",Myyty morsian,3-näytoksien koomillinen ooppera,Prodaná nevěsta,fin,cze,,,Helsinki (Finsko): Suomalainen Ooppera O.-Y.,,,56.0,1927.0,,Toivo Wallenius (trl),libreto,
465,466,000741214,kniha,,celé dílo,překlad,,"Gottwald, Klement (jk01032566)",Tshekkoslovakian kommunistinen puolue taistelussa yhteisrintaman puolesta,Kominternin VII maailmankongressissa elokuun 7 p:nä 1935 pidetty puhe,,fin,cze,,,Petroskoi (SSSR): Valtion kustannusliike Kirja,,,25.0,1936.0,,,proslov,není uveden překladatel
466,467,006579162,kniha,celé dílo,,překlad,,"Pavlík, Milan (jk01092126)",Missä on teddikarhu?,,Kde je Míša?,fin,cze,,,Helsinki (Finsko): Kansankulttuuri Oy,,,,1962.0,S 1161,Elvi Sinervo (trl) § Divica Landrová (ill) § Eduard Hofman (edt),na motivy kresleného filmu,nemá číslované strany 
467,468,000742720,kniha,celé dílo,,překlad,,"Miler, Zdeněk (jk01081695)",Myyrän lentoretki,,Krtek a raketa,fin,cze,,,Helsinki (Finsko): Tammi,Satu-sarja ; [19] ,,,1966.0,S 1942,Marjatta Kurenniemi (trl),,nemá číslované strany 
468,469,000735372,kniha,celé dílo,,překlad,,"Petiška, Eduard (jk01092720)",Kuinka myyrä sai housut,,Jak krtek ke kalhotkám přišel,fin,cze,,,Helsinki (Finsko): Tammi,Satu-sarja ; [1],,,1959.0,S 2171,Helena Pohjola (trl) § Zdeněk Miler (ill),,nemá číslované strany 
469,470,006580004,kniha,celé dílo,,překlad,,"Ludvík, Emil (jk01072546)",Satu tuhmasta Kreetasta ja viisaasta Missusta,,O líné holce,fin,cze,,,Helsinki (Finsko): Kansankulttuuri Oy,,,,1962.0,S 1156,Elvi Sinervo (trl) § Zdeněk Miler (ill) § Eduard Hofman (edt),na motivy českého kresleného filmu Lenora,
